open,high,low,close,volume,thscode,time,thsname_cn,thsname_en,currency
1659.7346608523,1660.183844793,1640.9497884526,1646.1513384858,1397913,600519.SH,2023-09-25,贵州茅台,NA,CNY
1642.2164871653,1648.3972581892,1628.8308057327,1631.4360725888,1576196,600519.SH,2023-09-26,贵州茅台,NA,CNY
1630.5377047074,1647.1575105129,1619.5776165545,1629.639336826,2087994,600519.SH,2023-09-27,贵州茅台,NA,CNY
1639.5034161636,1639.5034161636,1615.0857771476,1615.7595530586,2053784,600519.SH,2023-09-28,贵州茅台,NA,CNY
1614.3131807696,1614.3131807696,1585.5294738502,1596.3997252149,2976268,600519.SH,2023-10-09,贵州茅台,NA,CNY
1601.6911120362,1616.1458512476,1588.3144142824,1590.1111500452,2028392,600519.SH,2023-10-10,贵州茅台,NA,CNY
1603.2722395074,1603.2722395074,1588.3144142824,1597.7472770369,2194486,600519.SH,2023-10-11,贵州茅台,NA,CNY
1615.1756139357,1615.4720753366,1596.5793987912,1604.4850361473,1486507,600519.SH,2023-10-12,贵州茅台,NA,CNY
1590.9017137808,1597.3070767751,1561.5340677385,1573.042160299,2502788,600519.SH,2023-10-13,贵州茅台,NA,CNY
1573.0241929413,1577.5339997059,1547.3937572855,1554.0865980018,2078965,600519.SH,2023-10-16,贵州茅台,NA,CNY
1562.2617457224,1562.6570275902,1541.5992844506,1550.5829632644,1494523,600519.SH,2023-10-17,贵州茅台,NA,CNY
1544.1147145185,1564.9568493665,1542.6593585506,1552.3796990272,2031750,600519.SH,2023-10-18,贵州茅台,NA,CNY
1527.2253983485,1527.2523493849,1460.7731261627,1464.3396466518,7349237,600519.SH,2023-10-19,贵州茅台,NA,CNY
1464.3396466518,1486.7988436863,1451.9870882828,1477.8151648725,4537601,600519.SH,2023-10-20,贵州茅台,NA,CNY
1464.3126956154,1491.2906830932,1456.7933564482,1476.8988296335,2523423,600519.SH,2023-10-23,贵州茅台,NA,CNY
1480.5102685167,1485.3255203609,1456.4429929745,1475.9735107157,2986146,600519.SH,2023-10-24,贵州茅台,NA,CNY
1500.373182374,1525.4286625857,1497.5972256205,1507.0121210174,3617898,600519.SH,2023-10-25,贵州茅台,NA,CNY
1497.5792582629,1516.4449837719,1493.0964025348,1502.2777222825,2238635,600519.SH,2023-10-26,贵州茅台,NA,CNY
1494.8841546188,1519.9306511517,1491.8297038221,1506.3024103911,3426239,600519.SH,2023-10-27,贵州茅台,NA,CNY
1499.3759940257,1517.2355475075,1499.3759940257,1510.1564086023,2408642,600519.SH,2023-10-30,贵州茅台,NA,CNY
1509.2580407209,1518.2417195347,1498.3428709621,1513.3725656176,1985877,600519.SH,2023-10-31,贵州茅台,NA,CNY
1661.9805805557,1661.9805805557,1593.5159643156,1599.9842130616,9314308,600519.SH,2023-11-01,贵州茅台,NA,CNY
1612.5703470797,1612.5703470797,1595.5552594064,1598.6456449183,2790764,600519.SH,2023-11-02,贵州茅台,NA,CNY
1599.094828859,1630.4388842404,1593.7046215707,1627.1598414734,3017600,600519.SH,2023-11-03,贵州茅台,NA,CNY
1635.0295441143,1638.4343583847,1618.0683585138,1627.8426010632,2552392,600519.SH,2023-11-06,贵州茅台,NA,CNY
1621.5540258936,1626.0458653005,1602.7601698151,1609.1295980941,1958159,600519.SH,2023-11-07,贵州茅台,NA,CNY
1602.7332187786,1620.4759844359,1601.6731446786,1615.5708958036,1454567,600519.SH,2023-11-08,贵州茅台,NA,CNY
1608.1773281398,1616.1638186053,1601.7899325032,1611.7707996653,1280048,600519.SH,2023-11-09,贵州茅台,NA,CNY
1599.5889311938,1606.2817719101,1592.8960904775,1595.3576184725,1646557,600519.SH,2023-11-10,贵州茅台,NA,CNY
1592.1594288148,1603.4788641202,1578.4144002296,1584.7209427569,1836995,600519.SH,2023-11-13,贵州茅台,NA,CNY
1584.7209427569,1594.5940057733,1581.1364549102,1585.8618699663,1281675,600519.SH,2023-11-14,贵州茅台,NA,CNY
1598.1964609776,1601.6911120362,1587.4160464011,1592.7433679377,1843486,600519.SH,2023-11-15,贵州茅台,NA,CNY
1593.7046215707,1595.5013573335,1581.1723896255,1581.1723896255,1255757,600519.SH,2023-11-16,贵州茅台,NA,CNY
1573.9405281803,1580.22910335,1561.2735410529,1575.2162105719,2171363,600519.SH,2023-11-17,贵州茅台,NA,CNY
1576.6356318245,1589.6619661045,1560.1595648799,1583.3733909348,1860804,600519.SH,2023-11-20,贵州茅台,NA,CNY
1602.1672470133,1615.2654507239,1590.2009868333,1608.0785076728,3009845,600519.SH,2023-11-21,贵州茅台,NA,CNY
1602.0594428676,1611.9864079568,1599.579947515,1600.4513643599,1266457,600519.SH,2023-11-22,贵州茅台,NA,CNY
1597.5676034607,1606.2817719101,1591.0095179266,1604.4850361473,1154964,600519.SH,2023-11-23,贵州茅台,NA,CNY
1607.1801397915,1607.1801397915,1594.6029894521,1596.3997252149,1308540,600519.SH,2023-11-24,贵州茅台,NA,CNY
1593.0757640538,1593.0757640538,1576.6356318245,1583.8225748755,1626074,600519.SH,2023-11-27,贵州茅台,NA,CNY
1582.0258391128,1593.596817425,1579.3307354686,1589.2487168791,1451976,600519.SH,2023-11-28,贵州茅台,NA,CNY
1588.3144142824,1595.5013573335,1579.3307354686,1594.3424627665,1714933,600519.SH,2023-11-29,贵州茅台,NA,CNY
1596.1481822081,1612.3547387882,1591.0813873571,1609.4260594949,2135342,600519.SH,2023-11-30,贵州茅台,NA,CNY
1607.4586338347,1607.8089973084,1570.3470566548,1581.3790142382,3305131,600519.SH,2023-12-01,贵州茅台,NA,CNY
1581.3790142382,1582.7714844543,1567.9034960175,1572.7816336134,1844047,600519.SH,2023-12-04,贵州茅台,NA,CNY
1571.0477836023,1571.1376203904,1534.4303087572,1535.3107092809,2990301,600519.SH,2023-12-05,贵州茅台,NA,CNY
1529.5881058765,1544.716620999,1528.2405540545,1529.9205019926,2385129,600519.SH,2023-12-06,贵州茅台,NA,CNY
1530.818869874,1535.3825787114,1515.816126255,1527.2253983485,2504150,600519.SH,2023-12-07,贵州茅台,NA,CNY
1527.2253983485,1535.1669704199,1520.2360962314,1531.6453683249,2628801,600519.SH,2023-12-08,贵州茅台,NA,CNY
1518.2417195347,1530.818869874,1488.5955794491,1525.4286625857,3683098,600519.SH,2023-12-11,贵州茅台,NA,CNY
1516.0856366194,1536.2000934835,1512.8515122464,1536.2000934835,2101066,600519.SH,2023-12-12,贵州茅台,NA,CNY
1531.9148786893,1532.36406263,1488.6674488796,1491.2906830932,3878870,600519.SH,2023-12-13,贵州茅台,NA,CNY
1496.6449556663,1500.1575740825,1468.8494534163,1469.6400171519,4067215,600519.SH,2023-12-14,贵州茅台,NA,CNY
1480.7168931294,1507.2546803454,1476.92578067,1477.8151648725,3709251,600519.SH,2023-12-15,贵州茅台,NA,CNY
1473.3233254656,1494.2822481382,1468.8314860587,1493.087418856,1989734,600519.SH,2023-12-18,贵州茅台,NA,CNY
1495.7825225002,1509.1412528963,1477.8960179818,1504.766201314,2220676,600519.SH,2023-12-19,贵州茅台,NA,CNY
1506.6799938755,1508.4974606957,1493.0489927247,1499.219292579,2309203,600519.SH,2023-12-20,贵州茅台,NA,CNY
1490.3318798286,1519.6930563076,1490.3318798286,1517.5847947962,2901168,600519.SH,2023-12-21,贵州茅台,NA,CNY
1517.3121747732,1525.8542688278,1506.6890812096,1518.1754715128,2166684,600519.SH,2023-12-22,贵州茅台,NA,CNY
1518.4935282063,1525.3999021227,1515.7673279761,1519.4022616164,1247106,600519.SH,2023-12-25,贵州茅台,NA,CNY
1519.8566283214,1522.0375885055,1506.2256271705,1517.5847947962,1477126,600519.SH,2023-12-26,贵州茅台,NA,CNY
1515.7673279761,1524.0822386782,1509.4061941057,1514.9131185707,1605550,600519.SH,2023-12-27,贵州茅台,NA,CNY
1518.4844408722,1570.2822452455,1514.9131185707,1567.5560450153,3833806,600519.SH,2023-12-28,贵州茅台,NA,CNY
1563.0214652991,1589.9017995686,1563.0214652991,1568.4738657595,2753868,600519.SH,2023-12-29,贵州茅台,NA,CNY
1558.4777982488,1561.3766578269,1524.9455354177,1531.2248832812,3215644,600519.SH,2024-01-02,贵州茅台,NA,CNY
1527.680822982,1540.5030513979,1523.3370772819,1539.3943966376,2022929,600519.SH,2024-01-03,贵州茅台,NA,CNY
1538.4856632276,1538.4856632276,1511.1600495871,1516.6760613862,2155107,600519.SH,2024-01-04,贵州茅台,NA,CNY
1509.706076131,1525.4544261273,1501.3275540903,1511.5508049535,2024286,600519.SH,2024-01-05,贵州茅台,NA,CNY
1509.4061941057,1510.3149275158,1490.3318798286,1493.9486388006,2558620,600519.SH,2024-01-08,贵州茅台,NA,CNY
1491.2406132387,1501.5183881064,1485.8427367829,1491.2315259046,2441204,600519.SH,2024-01-09,贵州茅台,NA,CNY
1491.3223992456,1508.0067446542,1488.5053256744,1491.6858926096,1735067,600519.SH,2024-01-10,贵州茅台,NA,CNY
1490.4136658355,1506.6254698709,1488.559849679,1496.2931709986,1644055,600519.SH,2024-01-11,贵州茅台,NA,CNY
1490.2955304922,1500.5551306918,1489.7775524485,1493.1035167293,1160324,600519.SH,2024-01-12,贵州茅台,NA,CNY
1485.7791254442,1503.9265316431,1485.2793220687,1490.3227924945,1785403,600519.SH,2024-01-15,贵州茅台,NA,CNY
1488.9596923794,1496.6839263649,1476.637267339,1489.8048144508,2590314,600519.SH,2024-01-16,贵州茅台,NA,CNY
1481.2354583939,1486.215317481,1433.0725876609,1433.0725876609,5163276,600519.SH,2024-01-17,贵州茅台,NA,CNY
1430.3463874307,1465.6052437409,1413.5802560151,1463.8513882595,6043981,600519.SH,2024-01-18,贵州茅台,NA,CNY
1462.0339214394,1488.5144130085,1454.7731414931,1485.7791254442,4637843,600519.SH,2024-01-19,贵州茅台,NA,CNY
1480.3267249839,1493.0489927247,1471.1303428741,1492.1402593146,4694589,600519.SH,2024-01-22,贵州茅台,NA,CNY
1483.0620125481,1490.277355824,1462.1520567827,1471.2393908833,3483490,600519.SH,2024-01-23,贵州茅台,NA,CNY
1480.3267249839,1484.7249946886,1457.208547032,1477.6005247537,3321635,600519.SH,2024-01-24,贵州茅台,NA,CNY
1478.3456861499,1491.2315259046,1473.9655911135,1488.5053256744,3120580,600519.SH,2024-01-25,贵州茅台,NA,CNY
1481.5626024216,1494.0485994757,1474.8743245235,1487.8873869556,2695475,600519.SH,2024-01-26,贵州茅台,NA,CNY
1490.5954125175,1509.0245260735,1490.5863251834,1499.4101265951,3142068,600519.SH,2024-01-29,贵州茅台,NA,CNY
1499.3919519269,1499.3919519269,1463.0607901928,1465.786990423,3086633,600519.SH,2024-01-30,贵州茅台,NA,CNY
1465.786990423,1472.1208622911,1452.2741246154,1458.4353371356,2964912,600519.SH,2024-01-31,贵州茅台,NA,CNY
1458.9714898475,1475.6830972585,1454.8821895023,1463.0880521951,2648515,600519.SH,2024-02-01,贵州茅台,NA,CNY
1467.6044572431,1479.2180702236,1436.7075213011,1450.338522452,3938202,600519.SH,2024-02-02,贵州茅台,NA,CNY
1450.338522452,1487.9964349648,1449.6569723944,1481.244545728,5313036,600519.SH,2024-02-05,贵州茅台,NA,CNY
1481.244545728,1531.6519879839,1477.6913980947,1523.0371952566,5247204,600519.SH,2024-02-06,贵州茅台,NA,CNY
1527.6081243092,1558.1052175507,1509.9605214859,1554.8337772745,5260107,600519.SH,2024-02-07,贵州茅台,NA,CNY
1563.0305526332,1567.5651323494,1531.2157959471,1550.2991975583,4675654,600519.SH,2024-02-08,贵州茅台,NA,CNY
1579.2605313368,1579.3150553415,1533.9419961773,1540.693885414,3697744,600519.SH,2024-02-19,贵州茅台,NA,CNY
1542.4477408954,1542.4477408954,1505.3714177651,1517.5847947962,3447007,600519.SH,2024-02-20,贵州茅台,NA,CNY
1513.9680358242,1573.0175328098,1510.3149275158,1560.8950291196,4615407,600519.SH,2024-02-21,贵州茅台,NA,CNY
1551.6622976734,1565.7567528634,1545.3284258053,1561.5493171748,2279361,600519.SH,2024-02-22,贵州茅台,NA,CNY
1554.9428252837,1567.0017176352,1544.8649717662,1557.6508508457,2730589,600519.SH,2024-02-23,贵州茅台,NA,CNY
1552.1166643784,1552.7891271019,1531.2339706153,1540.2849553795,2731832,600519.SH,2024-02-26,贵州茅台,NA,CNY
1529.398329127,1538.4129645548,1524.8546620767,1535.3050962924,2207985,600519.SH,2024-02-27,贵州茅台,NA,CNY
1534.7780309145,1541.7298415015,1521.2288157706,1528.0806656824,3186731,600519.SH,2024-02-28,贵州茅台,NA,CNY
1528.0806656824,1541.6662301628,1525.9451421688,1540.3031300477,2475833,600519.SH,2024-02-29,贵州茅台,NA,CNY
1535.7594629974,1540.2758680454,1523.6551339754,1531.2703199517,2686796,600519.SH,2024-03-01,贵州茅台,NA,CNY
1525.7633954868,1527.5717749728,1517.6302314667,1523.3098152796,2648477,600519.SH,2024-03-04,贵州茅台,NA,CNY
1518.3208688584,1542.1205968678,1514.5677998748,1540.3940033887,3623837,600519.SH,2024-03-05,贵州茅台,NA,CNY
1536.6681964074,1540.3031300477,1524.8728367449,1527.1719322723,2214248,600519.SH,2024-03-06,贵州茅台,NA,CNY
1526.6721288968,1535.5777163154,1524.8546620767,1529.9708311753,2159912,600519.SH,2024-03-07,贵州茅台,NA,CNY
1527.1810196064,1532.742468076,1517.6302314667,1518.8842835726,2215623,600519.SH,2024-03-08,贵州茅台,NA,CNY
1522.1284618465,1543.8290156787,1520.4745670402,1539.8396760085,2989509,600519.SH,2024-03-11,贵州茅台,NA,CNY
1539.339872633,1589.4656075318,1536.2138297024,1585.7398005506,5422654,600519.SH,2024-03-12,贵州茅台,NA,CNY
1581.168871498,1588.4660007807,1563.1123386401,1569.791529204,2649954,600519.SH,2024-03-13,贵州茅台,NA,CNY
1562.1127318891,1576.5070691044,1555.2972313136,1559.9590337072,1940479,600519.SH,2024-03-14,贵州茅台,NA,CNY
1556.2059647237,1574.2897595838,1555.7515980187,1560.7405444399,1783358,600519.SH,2024-03-15,贵州茅台,NA,CNY
1558.4777982488,1562.8851552876,1543.9380636879,1552.352935065,2605501,600519.SH,2024-03-18,贵州茅台,NA,CNY
1547.5729973281,1562.9669412945,1538.5856239027,1552.1348390466,2394753,600519.SH,2024-03-19,贵州茅台,NA,CNY
1547.9001413558,1557.2782701476,1545.0558057823,1553.5706378345,1524925,600519.SH,2024-03-20,贵州茅台,NA,CNY
1552.2075377194,1562.1127318891,1548.9360974432,1553.0253977885,1659597,600519.SH,2024-03-21,贵州茅台,NA,CNY
1549.4177261506,1553.0163104544,1533.9419961773,1546.0735872015,2545614,600519.SH,2024-03-22,贵州茅台,NA,CNY
1543.5200463193,1543.7290550036,1527.1991942746,1534.8598169214,2447285,600519.SH,2024-03-25,贵州茅台,NA,CNY
1533.4512801358,1556.4785847467,1533.4512801358,1553.2889304774,2806907,600519.SH,2024-03-26,贵州茅台,NA,CNY
1549.3904641483,1555.7515980187,1543.9380636879,1545.755530508,1811258,600519.SH,2024-03-27,贵州茅台,NA,CNY
1540.3031300477,1561.203998479,1538.6674099096,1546.3371198905,2464218,600519.SH,2024-03-28,贵州茅台,NA,CNY
1546.3371198905,1554.8337772745,1543.1202036189,1547.4821239871,1345655,600519.SH,2024-03-29,贵州茅台,NA,CNY
1553.9250438644,1575.7437330399,1552.7527777655,1564.2300807345,2713137,600519.SH,2024-04-01,贵州茅台,NA,CNY
1564.8389321192,1567.5560450153,1549.4359008188,1557.5599775047,2544925,600519.SH,2024-04-02,贵州茅台,NA,CNY
1575.7437330399,1580.6872427906,1553.9523058667,1558.5777589239,2904580,600519.SH,2024-04-03,贵州茅台,NA,CNY
1540.3031300477,1541.2118634577,1510.8601675618,1514.5496252066,5916659,600519.SH,2024-04-08,贵州茅台,NA,CNY
1509.1063120804,1520.3109950264,1507.0889239101,1510.514848866,2558982,600519.SH,2024-04-09,贵州茅台,NA,CNY
1510.5602855365,1513.0320404118,1494.8664595448,1497.5744851068,2763050,600519.SH,2024-04-10,贵州茅台,NA,CNY
1490.4227531696,1499.4101265951,1485.4974180871,1497.592659775,2276624,600519.SH,2024-04-11,贵州茅台,NA,CNY
1500.3188600051,1512.1323943359,1484.8976540365,1484.8976540365,2674433,600519.SH,2024-04-12,贵州茅台,NA,CNY
1485.7882127783,1522.6827892267,1485.760950776,1520.2928203582,3581771,600519.SH,2024-04-15,贵州茅台,NA,CNY
1513.4864071169,1526.2722861964,1507.5887272856,1517.5847947962,2626623,600519.SH,2024-04-16,贵州茅台,NA,CNY
1515.7673279761,1522.3102085285,1506.6799938755,1514.8585945661,2481911,600519.SH,2024-04-17,贵州茅台,NA,CNY
1507.5978146197,1529.3801544588,1506.8435658894,1518.2936068561,2656841,600519.SH,2024-04-18,贵州茅台,NA,CNY
1509.2062727555,1516.2216946812,1491.4859712594,1496.3567823373,2349992,600519.SH,2024-04-19,贵州茅台,NA,CNY
1503.0450602353,1525.6543474775,1494.8664595448,1522.1829858511,2995139,600519.SH,2024-04-22,贵州茅台,NA,CNY
1522.1284618465,1540.3031300477,1522.1284618465,1537.8313751723,2497995,600519.SH,2024-04-23,贵州茅台,NA,CNY
1542.1024221996,1544.7650110911,1529.6982111523,1539.0309032736,1708643,600519.SH,2024-04-24,贵州茅台,NA,CNY
1536.0593450227,1540.8483700937,1528.7167790694,1538.522012564,1447648,600519.SH,2024-04-25,贵州茅台,NA,CNY
1539.3943966376,1557.5690648388,1539.3762219694,1553.4161531548,3099592,600519.SH,2024-04-26,贵州茅台,NA,CNY
1542.0751601973,1570.2913325796,1539.2308246238,1548.4817307382,4133223,600519.SH,2024-04-29,贵州茅台,NA,CNY
1549.3995514824,1571.9997513905,1549.3904641483,1549.3904641483,3075989,600519.SH,2024-04-30,贵州茅台,NA,CNY
1575.7164710376,1603.9144687517,1569.3825991695,1599.5525483834,5990949,600519.SH,2024-05-06,贵州茅台,NA,CNY
1604.6323681457,1615.5462564005,1596.35380678,1608.458135802,2492452,600519.SH,2024-05-07,贵州茅台,NA,CNY
1608.1764284449,1608.4308737997,1595.4359860359,1602.9784733394,1476909,600519.SH,2024-05-08,贵州茅台,NA,CNY
1597.5533348813,1603.8962940835,1590.2834676008,1595.7358680612,2238734,600519.SH,2024-05-09,贵州茅台,NA,CNY
1600.3704084525,1606.5316209727,1575.7346457058,1580.269225422,2620661,600519.SH,2024-05-10,贵州茅台,NA,CNY
1573.944440888,1574.5260302704,1545.9554518582,1550.2991975583,3766212,600519.SH,2024-05-13,贵州茅台,NA,CNY
1550.2901102242,1556.9056894494,1544.8558844321,1546.6460892499,2127417,600519.SH,2024-05-14,贵州茅台,NA,CNY
1547.1913292959,1552.1166643784,1543.5654829898,1544.846797098,1573876,600519.SH,2024-05-15,贵州茅台,NA,CNY
1549.3904641483,1553.8250831893,1535.7594629974,1548.9360974432,2967954,600519.SH,2024-05-16,贵州茅台,NA,CNY
1544.8558844321,1559.9135970367,1544.846797098,1558.4777982488,2892388,600519.SH,2024-05-17,贵州茅台,NA,CNY
1561.1949111449,1574.8259122958,1552.2166250535,1553.0253977885,3142572,600519.SH,2024-05-20,贵州茅台,NA,CNY
1552.1166643784,1553.6887731778,1543.1747276235,1549.3904641483,1629339,600519.SH,2024-05-21,贵州茅台,NA,CNY
1547.5729973281,1553.8977818621,1536.6681964074,1542.7657975889,2028568,600519.SH,2024-05-22,贵州茅台,NA,CNY
1544.846797098,1550.6445162541,1535.8321616702,1537.5860171516,1888497,600519.SH,2024-05-23,贵州茅台,NA,CNY
1538.4856632276,1540.3031300477,1523.9459286666,1524.0186273394,2021663,600519.SH,2024-05-24,贵州茅台,NA,CNY
1524.8546620767,1533.4421928017,1515.7764153102,1517.6938428054,2509791,600519.SH,2024-05-27,贵州茅台,NA,CNY
1517.9482881603,1522.2829465262,1511.2236609258,1512.7139837183,2352087,600519.SH,2024-05-28,贵州茅台,NA,CNY
1513.949861156,1526.6721288968,1513.041127746,1521.2197284365,1965128,600519.SH,2024-05-29,贵州茅台,NA,CNY
1522.1284618465,1522.4737805423,1498.501393185,1498.501393185,3220792,600519.SH,2024-05-30,贵州茅台,NA,CNY
1499.8644933001,1511.6780276309,1498.0015898095,1498.0015898095,2185665,600519.SH,2024-05-31,贵州茅台,NA,CNY
1499.4101265951,1500.2461613323,1485.8790861193,1489.7684651144,3026105,600519.SH,2024-06-03,贵州茅台,NA,CNY
1490.7771591995,1504.8625270554,1487.1876622298,1502.3180735073,2084108,600519.SH,2024-06-04,贵州茅台,NA,CNY
1501.2275934152,1507.2979325944,1493.076254727,1493.9577261347,1905557,600519.SH,2024-06-05,贵州茅台,NA,CNY
1493.6487567753,1501.2185060811,1486.6060728474,1490.1501331466,2561005,600519.SH,2024-06-06,贵州茅台,NA,CNY
1495.8933282982,1495.9387649687,1471.2484782174,1471.4029628971,3352455,600519.SH,2024-06-07,贵州茅台,NA,CNY
1456.6905689883,1458.5171231425,1423.9852535603,1425.8027203804,7024676,600519.SH,2024-06-11,贵州茅台,NA,CNY
1426.7114537905,1444.8861219916,1426.7114537905,1428.2381259194,3317050,600519.SH,2024-06-12,贵州茅台,NA,CNY
1432.8635789766,1432.9726269858,1411.399295831,1413.0895399737,3618597,600519.SH,2024-06-13,贵州茅台,NA,CNY
1413.0804526396,1421.2227039937,1381.6928006562,1413.0804526396,5951416,600519.SH,2024-06-14,贵州茅台,NA,CNY
1392.4431168972,1407.419043495,1373.1052699312,1400.8125516038,4831816,600519.SH,2024-06-17,贵州茅台,NA,CNY
1391.1708901231,1412.662435271,1378.2577883662,1382.6378834027,4125825,600519.SH,2024-06-18,贵州茅台,NA,CNY
1389.4702641031,1395.0448782776,1374.7313923505,1392.2622089725,4126153,600519.SH,2024-06-19,贵州茅台,NA,CNY
1391.3346525375,1406.1848310622,1389.4795396674,1391.427408181,2471068,600519.SH,2024-06-20,贵州茅台,NA,CNY
1391.798430755,1395.9538835839,1363.7120219024,1364.4355159218,4331997,600519.SH,2024-06-21,贵州茅台,NA,CNY
1319.9128070406,1381.1222561878,1311.5740746897,1369.5834541361,6383993,600519.SH,2024-06-24,贵州茅台,NA,CNY
1370.0008545319,1394.1080462782,1370.0008545319,1378.9517741299,4209795,600519.SH,2024-06-25,贵州茅台,NA,CNY
1372.783523837,1392.327137923,1370.7428996799,1381.3355941679,2956977,600519.SH,2024-06-26,贵州茅台,NA,CNY
1383.9142010573,1385.7414872343,1361.6528466167,1382.5135908404,3282178,600519.SH,2024-06-27,贵州茅台,NA,CNY
1372.783523837,1386.2238165805,1357.9426208766,1361.0870371913,3858202,600519.SH,2024-06-28,贵州茅台,NA,CNY
1362.4690962795,1366.2813532274,1324.5505892157,1336.0337378813,3216138,600519.SH,2024-07-01,贵州茅台,NA,CNY
1329.1883713908,1389.4795396674,1329.1883713908,1382.7083776917,5185298,600519.SH,2024-07-02,贵州茅台,NA,CNY
1390.4070961024,1403.4021617571,1380.2225264459,1391.3346525375,3157326,600519.SH,2024-07-03,贵州茅台,NA,CNY
1395.9724347126,1402.4653297578,1373.8316626086,1378.107697774,2437973,600519.SH,2024-07-04,贵州茅台,NA,CNY
1371.855967402,1385.0087176506,1344.9568307862,1347.7395000913,3882938,600519.SH,2024-07-05,贵州茅台,NA,CNY
1338.4639357411,1352.1639442864,1316.3324392014,1317.1301377355,3952705,600519.SH,2024-07-08,贵州茅台,NA,CNY
1317.1301377355,1349.4925817535,1307.9473290287,1333.853980259,3362071,600519.SH,2024-07-09,贵州茅台,NA,CNY
1334.9855991097,1359.6864269744,1331.0434842609,1333.4458554276,2376322,600519.SH,2024-07-10,贵州茅台,NA,CNY
1344.9290040932,1362.5804030517,1335.8760532873,1356.1709880857,2902014,600519.SH,2024-07-11,贵州茅台,NA,CNY
1366.2999043562,1378.7198850211,1359.2875777074,1371.6890072436,2338634,600519.SH,2024-07-12,贵州茅台,NA,CNY
1363.5079594867,1380.2039753172,1363.5079594867,1368.0529860183,1917626,600519.SH,2024-07-15,贵州茅台,NA,CNY
1369.0732980969,1374.638636707,1358.9165551334,1369.0732980969,2031644,600519.SH,2024-07-16,贵州茅台,NA,CNY
1369.1660537404,1394.1173218425,1363.5265106154,1392.6332315465,3431101,600519.SH,2024-07-17,贵州茅台,NA,CNY
1390.87087432,1405.2479990628,1384.4058059678,1389.0250370143,2887039,600519.SH,2024-07-18,贵州茅台,NA,CNY
1382.8104088996,1418.4007493115,1376.5030251414,1415.0986484028,3894291,600519.SH,2024-07-19,贵州茅台,NA,CNY
1414.5513901062,1419.1427944595,1383.589556305,1390.4070961024,2854321,600519.SH,2024-07-22,贵州茅台,NA,CNY
1390.4070961024,1392.2622089725,1349.5946129614,1349.5946129614,3094396,600519.SH,2024-07-23,贵州茅台,NA,CNY
1345.1423420732,1357.6643539461,1331.0434842609,1335.6998175647,2412255,600519.SH,2024-07-24,贵州茅台,NA,CNY
1335.6998175647,1343.1017179162,1317.1394132998,1326.8602047389,2834656,600519.SH,2024-07-25,贵州茅台,NA,CNY
1326.8602047389,1333.5664377641,1308.6893741767,1319.1614863282,3235379,600519.SH,2024-07-26,贵州茅台,NA,CNY
1312.4923555604,1318.9759750412,1296.7238961649,1296.7424472936,3086907,600519.SH,2024-07-29,贵州茅台,NA,CNY
1285.5746678159,1289.5538849222,1262.6825749995,1280.0186047701,5177904,600519.SH,2024-07-30,贵州茅台,NA,CNY
1273.6277409328,1323.8734730181,1273.6277409328,1318.3174099723,4327232,600519.SH,2024-07-31,贵州茅台,NA,CNY
1315.2750248654,1317.1301377355,1284.3873955791,1285.7416279742,3203810,600519.SH,2024-08-01,贵州茅台,NA,CNY
1274.0915191503,1295.7685130369,1274.0915191503,1285.0830629054,2192769,600519.SH,2024-08-02,贵州茅台,NA,CNY
1288.2645814775,1322.6954763456,1285.1479918558,1307.8638489496,3773607,600519.SH,2024-08-05,贵州茅台,NA,CNY
1318.9852506055,1320.8403634756,1293.0229459892,1302.9385242796,2744433,600519.SH,2024-08-06,贵州茅台,NA,CNY
1303.6805694276,1318.9759750412,1297.0021630954,1312.9561337779,2062221,600519.SH,2024-08-07,贵州茅台,NA,CNY
1308.7821298203,1343.2686780745,1306.9270169502,1327.0457160259,2513082,600519.SH,2024-08-08,贵州茅台,NA,CNY
1354.2602218295,1362.5804030517,1332.7130858439,1332.7130858439,3013849,600519.SH,2024-08-09,贵州茅台,NA,CNY
1326.4057020857,1338.4639357411,1323.2334590779,1332.0637963394,1363203,600519.SH,2024-08-12,贵州茅台,NA,CNY
1329.1883713908,1331.0434842609,1309.7189618196,1319.9220826049,1630843,600519.SH,2024-08-13,贵州茅台,NA,CNY
1319.9220826049,1321.6751642671,1309.728237384,1310.9155096208,1341431,600519.SH,2024-08-14,贵州茅台,NA,CNY
1303.2446179032,1331.9617651315,1302.2428569533,1323.5210015728,2303897,600519.SH,2024-08-15,贵州茅台,NA,CNY
1323.4282459293,1331.8968361811,1314.3567439948,1327.5187698078,1645470,600519.SH,2024-08-16,贵州茅台,NA,CNY
1328.2608149558,1353.1935319292,1321.7679199106,1322.176044742,2043279,600519.SH,2024-08-19,贵州茅台,NA,CNY
1326.3129464422,1326.3407731353,1311.5647991253,1319.6530912387,1859138,600519.SH,2024-08-20,贵州茅台,NA,CNY
1317.1301377355,1324.532038087,1313.1323695005,1314.8854511627,1509165,600519.SH,2024-08-21,贵州茅台,NA,CNY
1313.4199119954,1317.1301377355,1298.5882845993,1307.900951207,1952729,600519.SH,2024-08-22,贵州茅台,NA,CNY
1305.9994605152,1320.3765852581,1304.2556544173,1312.483079996,1532046,600519.SH,2024-08-23,贵州茅台,NA,CNY
1314.3474684304,1320.7105055747,1301.5008118053,1309.7096862553,1562841,600519.SH,2024-08-26,贵州茅台,NA,CNY
1309.7096862553,1310.6372426903,1299.6085966779,1302.3541637255,1365740,600519.SH,2024-08-27,贵州茅台,NA,CNY
1302.3541637255,1304.1443476451,1275.3900981594,1288.3758882497,3166351,600519.SH,2024-08-28,贵州茅台,NA,CNY
1280.0278803345,1315.2750248654,1280.0278803345,1310.9155096208,2747161,600519.SH,2024-08-29,贵州茅台,NA,CNY
1310.6372426903,1352.4422112169,1303.2167912101,1338.6401714637,3873923,600519.SH,2024-08-30,贵州茅台,NA,CNY
1326.4057020857,1333.8261535659,1293.9412268599,1293.9412268599,3413459,600519.SH,2024-09-02,贵州茅台,NA,CNY
1296.7238961649,1312.4738044317,1292.1046651185,1307.8545733852,1788760,600519.SH,2024-09-03,贵州茅台,NA,CNY
1300.434121905,1316.3788170231,1298.3378443619,1298.579009035,1421109,600519.SH,2024-09-04,贵州茅台,NA,CNY
1299.0427872525,1305.0719040802,1295.7963397299,1303.1054844379,1450295,600519.SH,2024-09-05,贵州茅台,NA,CNY
1303.2167912101,1304.1443476451,1296.7238961649,1296.7238961649,1032104,600519.SH,2024-09-06,贵州茅台,NA,CNY
1280.0371558988,1292.7446790587,1270.826520499,1275.3900981594,2863755,600519.SH,2024-09-09,贵州茅台,NA,CNY
1270.7708671129,1292.0861139898,1270.7708671129,1278.1727674644,1980284,600519.SH,2024-09-10,贵州茅台,NA,CNY
1275.9466320204,1285.4819121724,1266.1145338091,1280.0278803345,2099577,600519.SH,2024-09-11,贵州茅台,NA,CNY
1280.0278803345,1284.6656625096,1238.2043606792,1238.3434941445,4794831,600519.SH,2024-09-12,贵州茅台,NA,CNY
1234.5776150183,1235.5051714533,1203.3189631579,1209.6541736091,5600511,600519.SH,2024-09-13,贵州茅台,NA,CNY
1205.8233655325,1205.8326410968,1174.8986339887,1175.1212475332,4618531,600519.SH,2024-09-18,贵州茅台,NA,CNY
1170.5762210015,1199.2191637151,1155.5776334472,1169.6486645665,5998821,600519.SH,2024-09-19,贵州茅台,NA,CNY
1170.112442784,1181.6141425783,1159.4733704743,1172.3571293568,3998184,600519.SH,2024-09-20,贵州茅台,NA,CNY
1176.1415596117,1199.7942487048,1169.3332953786,1170.1495450414,4554969,600519.SH,2024-09-23,贵州茅台,NA,CNY
1191.9934990863,1273.5349852893,1173.4423703858,1273.1639627153,10041281,600519.SH,2024-09-24,贵州茅台,NA,CNY
1298.6253868567,1323.6230327807,1295.5273483637,1297.6514526,7395380,600519.SH,2024-09-25,贵州茅台,NA,CNY
1298.5419067776,1419.0407632517,1294.8687832949,1418.2337891532,9727806,600519.SH,2024-09-26,贵州茅台,NA,CNY
1484.09029604,1511.1749439427,1451.9597411307,1511.1749439427,8792167,600519.SH,2024-09-27,贵州茅台,NA,CNY
1569.4254880623,1632.3880188718,1532.3232306613,1621.3686484237,15729341,600519.SH,2024-09-30,贵州茅台,NA,CNY
1771.6327908977,1771.6327908977,1558.4617710003,1598.179737548,19470947,600519.SH,2024-10-08,贵州茅台,NA,CNY
1576.8459395425,1576.8459395425,1474.8147316897,1479.5916473301,12019684,600519.SH,2024-10-09,贵州茅台,NA,CNY
1504.7377022836,1547.2383381365,1475.7422881247,1521.192553441,7460342,600519.SH,2024-10-10,贵州茅台,NA,CNY
1498.3746651394,1521.1554511836,1474.8147316897,1488.7188026507,4191471,600519.SH,2024-10-11,贵州茅台,NA,CNY
1496.1485296953,1503.2257852945,1466.6244083685,1485.9361333457,4481202,600519.SH,2024-10-14,贵州茅台,NA,CNY
1483.1627396049,1485.0085769106,1440.5044191581,1441.6545891376,4357143,600519.SH,2024-10-15,贵州茅台,NA,CNY
1429.2531596013,1437.5269630017,1400.6102168877,1412.2046723255,4666440,600519.SH,2024-10-16,贵州茅台,NA,CNY
1425.6542406334,1426.2664278805,1385.2220556307,1386.3258477883,3945955,600519.SH,2024-10-17,贵州茅台,NA,CNY
1384.8417574923,1454.2600810896,1371.8188651445,1429.3644663735,6861930,600519.SH,2024-10-18,贵州茅台,NA,CNY
1429.5592532249,1437.6846475957,1411.0081245244,1418.0482778662,4200790,600519.SH,2024-10-21,贵州茅台,NA,CNY
1415.9705514517,1447.1549987973,1413.7815182651,1431.2195792435,3626913,600519.SH,2024-10-22,贵州茅台,NA,CNY
1432.2491668864,1462.7101202126,1421.0164584583,1453.9447119017,4008846,600519.SH,2024-10-23,贵州茅台,NA,CNY
1447.915595074,1460.9013851643,1433.0839676779,1439.7530984458,2392280,600519.SH,2024-10-24,贵州茅台,NA,CNY
1434.9298049836,1460.706598313,1434.011524113,1445.9213487387,2774508,600519.SH,2024-10-25,贵州茅台,NA,CNY
1446.988038639,1451.6258208141,1411.9542320881,1451.6258208141,3912140,600519.SH,2024-10-28,贵州茅台,NA,CNY
1446.988038639,1465.5391673395,1419.1613455882,1420.663987013,4116578,600519.SH,2024-10-29,贵州茅台,NA,CNY
1414.5235634131,1438.8162664464,1413.0487486814,1421.0164584583,3200574,600519.SH,2024-10-30,贵州茅台,NA,CNY
1421.1555919235,1428.4369099385,1409.885781238,1417.1114458668,2995735,600519.SH,2024-10-31,贵州茅台,NA,CNY
1410.813337673,1433.1952744502,1410.627826386,1422.6396822196,3228392,600519.SH,2024-11-01,贵州茅台,NA,CNY
1433.0097631631,1437.7124742887,1417.3618861043,1436.0428727057,2909292,600519.SH,2024-11-04,贵州茅台,NA,CNY
1428.4369099385,1463.4057875389,1424.7359597627,1462.74722247,4564047,600519.SH,2024-11-05,贵州茅台,NA,CNY
1460.9013851643,1473.8778996903,1448.1196574897,1457.1911594242,3763143,600519.SH,2024-11-06,贵州茅台,NA,CNY
1449.2698274691,1533.7145653138,1449.1214184395,1529.6704192571,7473872,600519.SH,2024-11-07,贵州茅台,NA,CNY
1540.5692073686,1546.3386083945,1485.0271280393,1493.3380336972,6077120,600519.SH,2024-11-08,贵州茅台,NA,CNY
1474.8147316897,1493.3194825685,1453.6571694068,1482.2444587343,4385365,600519.SH,2024-11-11,贵州茅台,NA,CNY
1473.8871752547,1505.4240940455,1459.9274509076,1462.9420093214,4922266,600519.SH,2024-11-12,贵州茅台,NA,CNY
1454.4084901192,1471.7166931967,1448.1753108758,1464.1478326869,2912526,600519.SH,2024-11-13,贵州茅台,NA,CNY
1456.2636029892,1478.9423578256,1452.2287324969,1459.7883174423,2924814,600519.SH,2024-11-14,贵州茅台,NA,CNY
1455.3360465542,1469.0638817926,1440.4951435938,1446.0604822039,3376112,600519.SH,2024-11-15,贵州茅台,NA,CNY
1448.843151509,1461.819666035,1442.3502564638,1446.0604822039,2709219,600519.SH,2024-11-18,贵州茅台,NA,CNY
1451.6258208141,1455.6792424352,1414.5235634131,1430.2178182937,3326643,600519.SH,2024-11-19,贵州茅台,NA,CNY
1431.2195792435,1441.3948733358,1420.3671689538,1432.8984563909,2134455,600519.SH,2024-11-20,贵州茅台,NA,CNY
1432.026553342,1436.7756422893,1421.0164584583,1433.1952744502,1826179,600519.SH,2024-11-21,贵州茅台,NA,CNY
1429.5035998388,1435.6440234386,1398.5881438594,1398.5881438594,3343611,600519.SH,2024-11-22,贵州茅台,NA,CNY
1401.5377733227,1421.0164584583,1388.2458896088,1390.0082468354,3318556,600519.SH,2024-11-25,贵州茅台,NA,CNY
1390.0082468354,1408.8469180307,1381.02022498,1399.6826604527,2574479,600519.SH,2024-11-26,贵州茅台,NA,CNY
1399.6826604527,1411.8800275733,1395.9724347126,1409.0046026247,2593417,600519.SH,2024-11-27,贵州茅台,NA,CNY
1411.740894108,1414.5142878487,1393.1897654075,1408.0306683679,2395203,600519.SH,2024-11-28,贵州茅台,NA,CNY
1407.1031119329,1442.3502564638,1403.5876730442,1415.209955175,3608810,600519.SH,2024-11-29,贵州茅台,NA,CNY
1415.4511198481,1419.1520700239,1405.3407547064,1414.5235634131,2681954,600519.SH,2024-12-02,贵州茅台,NA,CNY
1413.5960069781,1418.1410335097,1406.2497600127,1416.13751161,2480662,600519.SH,2024-12-03,贵州茅台,NA,CNY
1409.9507101884,1413.2806377902,1400.6102168877,1409.885781238,2392389,600519.SH,2024-12-04,贵州茅台,NA,CNY
1401.4079154218,1407.900810467,1400.6102168877,1401.5377733227,1614147,600519.SH,2024-12-05,贵州茅台,NA,CNY
1403.3928861928,1427.4165978599,1398.8200329681,1410.8226132373,3203969,600519.SH,2024-12-06,贵州茅台,NA,CNY
1411.7594452367,1418.9016297864,1403.5783974798,1408.7727135159,1979986,600519.SH,2024-12-09,贵州茅台,NA,CNY
1456.2636029892,1465.288727102,1433.2416522719,1434.5495068453,6031210,600519.SH,2024-12-10,贵州茅台,NA,CNY
1428.4369099385,1442.3502564638,1420.0703508945,1424.3556616244,2967112,600519.SH,2024-12-11,贵州茅台,NA,CNY
1421.035009587,1452.5533772491,1418.2337891532,1452.3678659621,4193652,600519.SH,2024-12-12,贵州茅台,NA,CNY
1437.7217498531,1442.3409808995,1408.8469180307,1408.9582248029,4951197,600519.SH,2024-12-13,贵州茅台,NA,CNY
1410.813337673,1418.2337891532,1401.2687819566,1416.5641875702,3253710,600519.SH,2024-12-16,贵州茅台,NA,CNY
1415.4418442838,1455.3360465542,1410.8226132373,1445.1329257689,5417163,600519.SH,2024-12-17,贵州茅台,NA,CNY
1445.1050990759,1462.7564980344,1435.0225606272,1457.6549376418,4116226,600519.SH,2024-12-18,贵州茅台,NA,CNY
1451.755678715,1454.3435611687,1438.0185679123,1438.6493062881,2480932,600519.SH,2024-12-19,贵州茅台,NA,CNY
1442.4194385388,1452.4712404166,1431.953129367,1433.8184121897,2815774,600519.SH,2024-12-20,贵州茅台,NA,CNY
1434.7604742214,1448.8914046963,1429.1081020314,1438.0105882306,2160269,600519.SH,2024-12-23,贵州茅台,NA,CNY
1436.6445982847,1454.5437768863,1433.4321667568,1449.6638955623,2210492,600519.SH,2024-12-24,贵州茅台,NA,CNY
1449.6450543217,1449.6450543217,1437.6808665196,1441.354908443,1712339,600519.SH,2024-12-25,贵州茅台,NA,CNY
1445.1231565697,1449.626213081,1434.7604742214,1439.2729513531,1828651,600519.SH,2024-12-26,贵州茅台,NA,CNY
1440.3186402082,1447.007280633,1431.4632571106,1440.3845845504,2075932,600519.SH,2024-12-27,贵州茅台,NA,CNY
1445.0948947087,1454.506094405,1436.6445982847,1436.6445982847,2512982,600519.SH,2024-12-30,贵州茅台,NA,CNY
1437.0214230974,1455.485838918,1433.8278328101,1435.7025362531,3935445,600519.SH,2024-12-31,贵州茅台,NA,CNY
1435.7025362531,1436.1641466486,1394.2518068599,1401.7883031132,5002870,600519.SH,2025-01-02,贵州茅台,NA,CNY
1407.911706319,1408.3733167145,1382.0144210686,1389.5414967016,3262836,600519.SH,2025-01-03,贵州茅台,NA,CNY
1368.8161320051,1377.9164512309,1349.7864789655,1356.5693255934,4425512,600519.SH,2025-01-06,贵州茅台,NA,CNY
1360.959334661,1367.7704431499,1355.6272635618,1356.7577379998,2422118,600519.SH,2025-01-07,贵州茅台,NA,CNY
1356.5693255934,1367.7044988077,1344.0022180911,1358.9244806726,3525821,600519.SH,2025-01-08,贵州茅台,NA,CNY
1365.0384632581,1379.7252103317,1349.9560501312,1360.3375737201,2970565,600519.SH,2025-01-09,贵州茅台,NA,CNY
1363.2579660182,1367.8269668718,1352.8010774668,1352.8010774668,2187195,600519.SH,2025-01-10,贵州茅台,NA,CNY
1342.4383951185,1360.752081014,1339.6216296438,1360.3187324795,2108251,600519.SH,2025-01-13,贵州茅台,NA,CNY
1361.2325326502,1393.0082849781,1358.4534496568,1387.1863416225,3095657,600519.SH,2025-01-14,贵州茅台,NA,CNY
1382.0050004483,1389.164671889,1375.419986847,1386.0276053235,1839934,600519.SH,2025-01-15,贵州茅台,NA,CNY
1388.59943467,1396.7576918641,1358.4534496568,1362.5796813554,2634213,600519.SH,2025-01-16,贵州茅台,NA,CNY
1362.5891019758,1376.3526282583,1362.5796813554,1370.4647405605,1830894,600519.SH,2025-01-17,贵州茅台,NA,CNY
1376.3526282583,1403.4745941499,1375.4105662267,1389.3530842953,3140975,600519.SH,2025-01-20,贵州茅台,NA,CNY
1395.1938688916,1396.1359309233,1380.120876385,1383.0883717847,1685604,600519.SH,2025-01-21,贵州茅台,NA,CNY
1378.4911090702,1382.8999593784,1354.6852015301,1357.5113876251,2829384,600519.SH,2025-01-22,贵州茅台,NA,CNY
1365.9616840491,1382.94706248,1354.6852015301,1359.3955116884,2712504,600519.SH,2025-01-23,贵州茅台,NA,CNY
1358.4534496568,1363.9079888201,1347.4407445066,1352.8010774668,3136034,600519.SH,2025-01-24,贵州茅台,NA,CNY
1353.7431394985,1360.3093118591,1344.3413604225,1351.8495948148,2935646,600519.SH,2025-01-27,贵州茅台,NA,CNY
1356.5693255934,1359.3955116884,1320.9688014169,1322.4666800473,4075652,600519.SH,2025-02-05,贵州茅台,NA,CNY
1318.8962649473,1339.6027884032,1318.8962649473,1330.9829208135,2735582,600519.SH,2025-02-06,贵州茅台,NA,CNY
1331.7742529201,1359.0940518383,1322.0992758549,1352.8010774668,3724207,600519.SH,2025-02-07,贵州茅台,NA,CNY
1354.6852015301,1356.5693255934,1344.4073047647,1348.5712189446,2083979,600519.SH,2025-02-10,贵州茅台,NA,CNY
1351.8119123335,1352.7633949855,1333.8656306304,1335.8439608969,2357283,600519.SH,2025-02-11,贵州茅台,NA,CNY
1335.8439608969,1361.2796357518,1334.7888514214,1359.3955116884,2547579,600519.SH,2025-02-12,贵州茅台,NA,CNY
1359.4143529291,1389.7770122095,1351.3974050396,1380.1774001069,4338536,600519.SH,2025-02-13,贵州茅台,NA,CNY
1380.1774001069,1391.4256207649,1373.7336958103,1389.5414967016,2709992,600519.SH,2025-02-14,贵州茅台,NA,CNY
1395.1938688916,1408.3638960942,1382.0992066515,1386.3573270346,3247059,600519.SH,2025-02-17,贵州茅台,NA,CNY
1384.8311865433,1406.4891926512,1377.3700552525,1389.5414967016,2779992,600519.SH,2025-02-18,贵州茅台,NA,CNY
1389.5885998032,1407.8551825971,1380.0266701818,1404.6144892082,3239331,600519.SH,2025-02-19,贵州茅台,NA,CNY
1397.0779929549,1405.5282893789,1388.0247768306,1388.59943467,2374973,600519.SH,2025-02-20,贵州茅台,NA,CNY
1394.2518068599,1410.0125046496,1387.6667932586,1401.9861361399,3641783,600519.SH,2025-02-21,贵州茅台,NA,CNY
1401.7883031132,1412.640857718,1388.59943467,1393.3756891705,3474373,600519.SH,2025-02-24,贵州茅台,NA,CNY
1384.8406071636,1388.0247768306,1367.8740699734,1369.7581940367,2838743,600519.SH,2025-02-25,贵州茅台,NA,CNY
1371.1241839826,1380.0831939037,1361.2796357518,1375.419986847,2636609,600519.SH,2025-02-26,贵州茅台,NA,CNY
1375.4294074673,1403.5782209734,1369.7581940367,1399.489671756,4976217,600519.SH,2025-02-27,贵州茅台,NA,CNY
1399.4331480341,1439.8287679517,1396.1359309233,1413.8372764982,5612895,600519.SH,2025-02-28,贵州茅台,NA,CNY
1415.5424087755,1432.8669295378,1395.6648999074,1400.8650823222,3159566,600519.SH,2025-03-03,贵州茅台,NA,CNY
1398.9621170182,1399.9041790499,1380.3187094116,1384.9348133668,2521121,600519.SH,2025-03-04,贵州茅台,NA,CNY
1386.7153106066,1388.59943467,1375.5047724299,1381.4115013684,2460522,600519.SH,2025-03-05,贵州茅台,NA,CNY
1388.59943467,1422.7020802161,1386.7906755692,1418.7265784425,4216764,600519.SH,2025-03-06,贵州茅台,NA,CNY
1415.9192335882,1439.8099267111,1415.9192335882,1432.8763501581,3799135,600519.SH,2025-03-07,贵州茅台,NA,CNY
1431.7552963404,1438.4156749042,1418.8773083676,1434.6662680182,3136907,600519.SH,2025-03-10,贵州茅台,NA,CNY
1429.1081020314,1458.9526271945,1424.3977918731,1458.9526271945,3977560,600519.SH,2025-03-11,贵州茅台,NA,CNY
1457.3322805,1459.8946892261,1437.9163820275,1453.2060488013,2960396,600519.SH,2025-03-12,贵州茅台,NA,CNY
1454.5437768863,1465.3774902504,1442.1839230309,1448.674730429,2572439,600519.SH,2025-03-13,贵州茅台,NA,CNY
1457.9917239222,1533.6864081662,1451.7175907913,1533.6864081662,9291315,600519.SH,2025-03-14,贵州茅台,NA,CNY
1560.9967864641,1561.9294278755,1532.6218780705,1542.9657191781,5468913,600519.SH,2025-03-17,贵州茅台,NA,CNY
1549.7297245654,1556.2864763058,1527.7419967464,1529.9087394193,3161345,600519.SH,2025-03-18,贵州茅台,NA,CNY
1530.1819374085,1552.5182281792,1528.9666773876,1540.94028581,2738955,600519.SH,2025-03-19,贵州茅台,NA,CNY
1540.94028581,1542.7207830499,1502.6548848433,1511.067498786,3673677,600519.SH,2025-03-20,贵州茅台,NA,CNY
1506.3571886277,1518.7924074457,1477.9351771325,1482.5701223283,3361430,600519.SH,2025-03-21,贵州茅台,NA,CNY
1479.0373897095,1497.558329252,1471.8588770283,1491.2841961211,2556585,600519.SH,2025-03-24,贵州茅台,NA,CNY
1495.9945062794,1500.5164040314,1475.8909025238,1484.2187308837,1767438,600519.SH,2025-03-25,贵州茅台,NA,CNY
1481.6469015372,1490.8885300678,1479.9794517412,1484.6897618995,1432356,600519.SH,2025-03-26,贵州茅台,NA,CNY
1484.6897618995,1505.650642104,1482.2215593765,1496.9365683111,1795563,600519.SH,2025-03-27,贵州茅台,NA,CNY
1498.7547480322,1500.7048164377,1484.6897618995,1493.3661532111,1622789,600519.SH,2025-03-28,贵州茅台,NA,CNY
1489.3812308172,1495.0147617665,1469.6732931148,1470.5588314246,2108494,600519.SH,2025-03-31,贵州茅台,NA,CNY
1473.3850175195,1478.933762886,1462.2781061662,1465.8673625069,1855644,600519.SH,2025-04-01,贵州茅台,NA,CNY
1467.7326453296,1476.9648532399,1455.9568699338,1459.2729282852,2167401,600519.SH,2025-04-02,贵州茅台,NA,CNY
1441.354908443,1494.1103822161,1440.4222670317,1477.9822802341,3548050,600519.SH,2025-04-03,贵州茅台,NA,CNY
1431.9437087467,1447.8080333599,1377.29469029,1413.0930474932,10195267,600519.SH,2025-04-07,贵州茅台,NA,CNY
1425.3398539048,1455.485838918,1408.3827373349,1455.485838918,7387649,600519.SH,2025-04-08,贵州茅台,NA,CNY
1436.6634395254,1466.6021708916,1432.4524222438,1451.7552732726,5563004,600519.SH,2025-04-09,贵州茅台,NA,CNY
1461.1287904876,1464.9064592346,1439.4707843797,1459.2540870446,3862021,600519.SH,2025-04-10,贵州茅台,NA,CNY
1488.4297481652,1488.4297481652,1455.485838918,1478.0764864372,3263423,600519.SH,2025-04-11,贵州茅台,NA,CNY
1470.5305695636,1475.2691415829,1461.6375039847,1462.0708525193,2171144,600519.SH,2025-04-14,贵州茅台,NA,CNY
1462.0802731396,1474.3270795512,1455.485838918,1467.7326453296,2148928,600519.SH,2025-04-15,贵州茅台,NA,CNY
1462.0802731396,1484.6897618995,1447.9493426647,1468.8348579066,3115605,600519.SH,2025-04-16,贵州茅台,NA,CNY
1463.9643972029,1485.1607929153,1460.186728456,1479.0373897095,2384605,600519.SH,2025-04-17,贵州茅台,NA,CNY
1475.2691415829,1483.7476998678,1465.8485212662,1475.212617861,2029848,600519.SH,2025-04-18,贵州茅台,NA,CNY
1474.798110567,1474.798110567,1461.1382111079,1461.1382111079,1805703,600519.SH,2025-04-21,贵州茅台,NA,CNY
1460.1961490763,1466.1311398757,1453.7995478813,1459.0656746383,1843214,600519.SH,2025-04-22,贵州茅台,NA,CNY
1468.6747073612,1468.8819610082,1455.485838918,1462.0802731396,1866876,600519.SH,2025-04-23,贵州茅台,NA,CNY
1462.0802731396,1470.2573715744,1459.235245804,1462.3157886475,1487181,600519.SH,2025-04-24,贵州茅台,NA,CNY
1466.8847895011,1470.7472438309,1460.1961490763,1460.1961490763,1476490,600519.SH,2025-04-25,贵州茅台,NA,CNY
1462.0802731396,1464.9064592346,1456.9931381686,1460.1961490763,1465972,600519.SH,2025-04-28,贵州茅台,NA,CNY
1460.1961490763,1462.5889866367,1443.257873747,1454.5437768863,1892180,600519.SH,2025-04-29,贵州茅台,NA,CNY
1460.186728456,1475.8909025238,1456.7105195591,1457.3699629813,2575425,600519.SH,2025-04-30,贵州茅台,NA,CNY
1468.6747073612,1468.6747073612,1454.8546573568,1460.3845614826,1830026,600519.SH,2025-05-06,贵州茅台,NA,CNY
1479.0373897095,1479.0373897095,1460.3845614826,1464.9064592346,2746221,600519.SH,2025-05-07,贵州茅台,NA,CNY
1463.0223351713,1500.4975627908,1460.0359985309,1486.7528777488,3348106,600519.SH,2025-05-08,贵州茅台,NA,CNY
1487.5065273742,1504.8969924786,1483.7948029694,1498.9902635401,2367190,600519.SH,2025-05-09,贵州茅台,NA,CNY
1505.4151265961,1525.1324849187,1504.105660372,1511.5385298019,2473533,600519.SH,2025-05-12,贵州茅台,NA,CNY
1515.7024439818,1515.7024439818,1493.2719470079,1498.1612489523,2125829,600519.SH,2025-05-13,贵州茅台,NA,CNY
1497.8786303428,1549.6920420842,1496.1640774451,1540.2620011472,3946012,600519.SH,2025-05-14,贵州茅台,NA,CNY
1540.0830093612,1548.3637346195,1530.0312074834,1537.4546562929,2473285,600519.SH,2025-05-15,贵州茅台,NA,CNY
1539.3199391156,1542.1461252106,1520.6105871668,1520.6105871668,2293522,600519.SH,2025-05-16,贵州茅台,NA,CNY
1503.5310025327,1507.2992506594,1482.6925903924,1487.4971067538,3806283,600519.SH,2025-05-19,贵州茅台,NA,CNY
1488.4580100261,1502.4005280947,1483.841906071,1494.1103822161,1952153,600519.SH,2025-05-20,贵州茅台,NA,CNY
1493.1683201844,1503.4744788108,1489.3718101969,1489.3718101969,1979464,600519.SH,2025-05-21,贵州茅台,NA,CNY
1489.3906514375,1493.1588995641,1479.1315959127,1488.4580100261,1509024,600519.SH,2025-05-22,贵州茅台,NA,CNY
1483.9361122742,1495.9003000763,1480.6012126821,1481.4867509918,2153700,600519.SH,2025-05-23,贵州茅台,NA,CNY
1479.0373897095,1483.3991369161,1455.485838918,1460.6671800921,2708653,600519.SH,2025-05-26,贵州茅台,NA,CNY
1461.1382111079,1468.2978825486,1454.0821664908,1454.4495706831,1775213,600519.SH,2025-05-27,贵州茅台,NA,CNY
1454.534356266,1456.8612494842,1444.181094538,1447.9493426647,1626568,600519.SH,2025-05-28,贵州茅台,NA,CNY
1450.7755287597,1464.9064592346,1443.2390325064,1450.7755287597,2185958,600519.SH,2025-05-29,贵州茅台,NA,CNY
1450.9168380644,1455.485838918,1427.4500728557,1433.8184121897,3123918,600519.SH,2025-05-30,贵州茅台,NA,CNY
1420.6389643668,1430.9922260947,1417.8221988921,1421.5716057781,2897918,600519.SH,2025-06-03,贵州茅台,NA,CNY
1422.9846988256,1434.7604742214,1421.7788594251,1422.4759853285,2300809,600519.SH,2025-06-04,贵州茅台,NA,CNY
1426.2819159364,1428.1660399998,1415.1655839628,1426.2819159364,2321366,600519.SH,2025-06-05,贵州茅台,NA,CNY
1426.0935035301,1430.9639642338,1415.9192335882,1419.1128238755,2502307,600519.SH,2025-06-06,贵州茅台,NA,CNY
1417.8221988921,1421.2889871686,1399.6027191998,1400.0078058734,4495867,600519.SH,2025-06-09,贵州茅台,NA,CNY
1399.9041790499,1405.5565512399,1389.3530842953,1389.5509173219,3049220,600519.SH,2025-06-10,贵州茅台,NA,CNY
1391.2372083586,1407.4406753032,1390.5777649364,1394.2518068599,3089282,600519.SH,2025-06-11,贵州茅台,NA,CNY
1394.2518068599,1397.8975869225,1369.8524002399,1374.468504195,4990361,600519.SH,2025-06-12,贵州茅台,NA,CNY
1360.7238191531,1365.9616840491,1342.4949188404,1344.2754160803,5911325,600519.SH,2025-06-13,贵州茅台,NA,CNY
1320.017318765,1342.4760775998,1319.9984775243,1339.8854070127,4288787,600519.SH,2025-06-16,贵州茅台,NA,CNY
1337.7280849602,1344.3225191818,1330.3611598726,1344.3225191818,2723151,600519.SH,2025-06-17,贵州茅台,NA,CNY
1356.5693255934,1359.8100189824,1338.6795676122,1342.4383951185,3076099,600519.SH,2025-06-18,贵州茅台,NA,CNY
1343.3804571502,1350.606072933,1335.0714700309,1343.3804571502,2450072,600519.SH,2025-06-19,贵州茅台,NA,CNY
1341.1006670336,1357.6432763095,1337.9164973665,1345.8863421544,3481581,600519.SH,2025-06-20,贵州茅台,NA,CNY
1337.7280849602,1349.9748913718,1323.766725651,1337.7280849602,2672331,600519.SH,2025-06-23,贵州茅台,NA,CNY
1340.8839927663,1367.5726101233,1340.8839927663,1353.9315519048,3631151,600519.SH,2025-06-24,贵州茅台,NA,CNY
1355.7308903853,1365.2362962847,1338.2085365963,1352.6691887824,4105007,600519.SH,2025-06-25,贵州茅台,NA,CNY
1359.1432072065,1371.6300352586,1354.4174230514,1363.9458333804,3486025,600519.SH,2025-06-26,贵州茅台,NA,CNY
1363.9554386327,1366.8274090847,1347.7033516603,1347.7033516603,3824973,600519.SH,2025-06-27,贵州茅台,NA,CNY
1348.0971670066,1357.4430775409,1346.6563791544,1353.8795289199,3045730,600519.SH,2025-06-30,贵州茅台,NA,CNY
1353.3800557978,1356.2039999881,1347.914667212,1349.6340073822,1987819,600519.SH,2025-07-01,贵州茅台,NA,CNY
1353.8603184152,1358.9511021595,1344.7353286849,1353.9563709387,2621825,600519.SH,2025-07-02,贵州茅台,NA,CNY
1356.2616315022,1366.5296462619,1352.4195305631,1359.7195223473,2441267,600519.SH,2025-07-03,贵州茅台,NA,CNY
1359.8155748708,1375.3664784218,1354.350186285,1366.0781994016,2876691,600519.SH,2025-07-04,贵州茅台,NA,CNY
1366.1358309156,1367.3076717021,1354.350186285,1355.012948697,2385467,600519.SH,2025-07-07,贵州茅台,NA,CNY
1355.0225539493,1363.9458333804,1355.012948697,1360.2093902171,1867370,600519.SH,2025-07-08,贵州茅台,NA,CNY
1359.1432072065,1373.5222699711,1358.3459712616,1362.8700451174,2774532,600519.SH,2025-07-09,贵州茅台,NA,CNY
1362.9564923885,1379.487131679,1354.7247911265,1370.1892474064,3872503,600519.SH,2025-07-10,贵州茅台,NA,CNY
1366.9810931222,1400.4457923018,1366.9810931222,1370.6695100238,5724335,600519.SH,2025-07-11,贵州茅台,NA,CNY
1373.5510857281,1378.3345013973,1365.482673756,1367.4037242255,2778094,600519.SH,2025-07-14,贵州茅台,NA,CNY
1364.8871481104,1366.7601723182,1352.7268986382,1355.3011062674,3540578,600519.SH,2025-07-15,贵州茅台,NA,CNY
1354.350186285,1361.5349150411,1354.2925547709,1355.3299220244,2128605,600519.SH,2025-07-16,贵州茅台,NA,CNY
1358.163471467,1366.837014337,1357.1068937088,1360.4399162734,2310554,600519.SH,2025-07-17,贵州茅台,NA,CNY
1363.9458333804,1381.0527878117,1360.4687320305,1380.2747623715,4182341,600519.SH,2025-07-18,贵州茅台,NA,CNY
1380.2651571192,1389.6879096723,1378.353711902,1386.0379137802,2620331,600519.SH,2025-07-21,贵州茅台,NA,CNY
1386.998439015,1408.7063093209,1383.8094952355,1407.1502584405,4211898,600519.SH,2025-07-22,贵州茅台,NA,CNY
1411.0115698843,1435.9852259885,1410.9635436226,1417.2549839104,4504484,600519.SH,2025-07-23,贵州茅台,NA,CNY
1417.7352465278,1439.8273269276,1416.774721293,1432.6233876668,3880364,600519.SH,2025-07-24,贵州茅台,NA,CNY
1432.5273351433,1432.5273351433,1395.6431661279,1397.5642165975,4191126,600519.SH,2025-07-25,贵州茅台,NA,CNY
1395.6431661279,1397.5546113451,1379.6023947072,1381.8692342613,3858632,600519.SH,2025-07-28,贵州茅台,NA,CNY
1382.7721279819,1391.5993548895,1378.3633171543,1382.1958128411,2630408,600519.SH,2025-07-29,贵州茅台,NA,CNY
1386.998439015,1399.6389511046,1380.2747623715,1392.2236962921,3186771,600519.SH,2025-07-30,贵州茅台,NA,CNY
1386.0379137802,1387.8340959692,1362.0247829108,1365.5499105224,5179751,600519.SH,2025-07-31,贵州茅台,NA,CNY
1365.7420155694,1369.6705637796,1358.1826819717,1361.064257676,2963559,600519.SH,2025-08-01,贵州茅台,NA,CNY
1359.1432072065,1363.7537283334,1358.1826819717,1362.9853081456,1868795,600519.SH,2025-08-04,贵州茅台,NA,CNY
1364.9063586151,1373.493454214,1361.1699154519,1371.3802986975,2534227,600519.SH,2025-08-05,贵州茅台,NA,CNY
1372.5905604933,1372.5905604933,1363.273465716,1367.6726712913,2369928,600519.SH,2025-08-06,贵州茅台,NA,CNY
1367.6726712913,1371.3418776881,1364.0034648944,1366.2030676821,2800134,600519.SH,2025-08-07,贵州茅台,NA,CNY
1366.8754353464,1370.1892474064,1362.0247829108,1364.8775428581,1865528,600519.SH,2025-08-08,贵州茅台,NA,CNY
1367.3076717021,1394.6730356408,1366.8274090847,1387.9589642497,4715907,600519.SH,2025-08-11,贵州茅台,NA,CNY
1391.8010651888,1407.2367057117,1379.3142371368,1380.3131833809,4201923,600519.SH,2025-08-12,贵州茅台,NA,CNY
1368.7484595542,1377.0858185921,1363.9458333804,1363.9938596421,6552754,600519.SH,2025-08-13,贵州茅台,NA,CNY
1364.848727101,1390.369882589,1364.848727101,1370.6599047714,4812930,600519.SH,2025-08-14,贵州茅台,NA,CNY
1369.7185900414,1372.2639819135,1364.157148932,1365.9437258687,4758165,600519.SH,2025-08-15,贵州茅台,NA,CNY
1370.6599047714,1379.928973287,1366.9234616082,1372.1102978759,4737798,600519.SH,2025-08-18,贵州茅台,NA,CNY
1376.9129240498,1389.5534361395,1375.4721361977,1381.2352876063,4637186,600519.SH,2025-08-19,贵州茅台,NA,CNY
1381.2352876063,1395.451061081,1373.5702962328,1392.7615904236,4580466,600519.SH,2025-08-20,贵州茅台,NA,CNY
1396.0754024836,1397.5546113451,1386.6622551828,1391.0806712627,3089057,600519.SH,2025-08-21,贵州茅台,NA,CNY
1391.6858021607,1406.2089437105,1387.7380434457,1406.1609174487,4497058,600519.SH,2025-08-22,贵州茅台,NA,CNY
1411.9817003715,1436.9457512233,1408.12999418,1431.4995731421,6532455,600519.SH,2025-08-25,贵州茅台,NA,CNY
1431.4899678897,1435.2456215577,1421.5869527192,1423.1237930948,3960213,600519.SH,2025-08-26,贵州茅台,NA,CNY
1423.3831349082,1426.3127368743,1390.8405399541,1390.8405399541,5600609,600519.SH,2025-08-27,贵州茅台,NA,CNY
1390.811724197,1398.6207943557,1381.9748920371,1389.015542008,3928177,600519.SH,2025-08-28,贵州茅台,NA,CNY
1395.6431661279,1424.0555025726,1394.6826408932,1421.5773474669,6225648,600519.SH,2025-08-29,贵州茅台,NA,CNY
1423.6905029834,1429.2615493451,1407.8418366096,1417.8312990512,4512338,600519.SH,2025-09-01,贵州茅台,NA,CNY
1420.2902436523,1449.4325792753,1419.6562969973,1432.4312826198,5668837,600519.SH,2025-09-02,贵州茅台,NA,CNY
1432.1431250494,1444.1496904841,1408.12999418,1422.105636346,4504503,600519.SH,2025-09-03,贵州茅台,NA,CNY
1413.8931455887,1420.9049798025,1402.8182896317,1414.5270922436,4774676,600519.SH,2025-09-04,贵州茅台,NA,CNY
1412.9326203539,1428.2722083532,1406.2089437105,1424.4589231712,3738848,600519.SH,2025-09-05,贵州茅台,NA,CNY
1424.4589231712,1446.9736346743,1419.1760343799,1441.9692982011,5138298,600519.SH,2025-09-08,贵州茅台,NA,CNY
1445.5904783362,1450.3450782484,1434.4675961175,1445.5904783362,3574277,600519.SH,2025-09-09,贵州茅台,NA,CNY
1447.184950226,1469.5555829439,1436.9457512233,1461.9290125797,4966331,600519.SH,2025-09-10,贵州茅台,NA,CNY
1461.9290125797,1465.7807187712,1448.9523166579,1463.3601951796,3723896,600519.SH,2025-09-11,贵州茅台,NA,CNY
1465.7615082665,1477.3070215885,1450.9021828845,1456.1562559187,3372209,600519.SH,2025-09-12,贵州茅台,NA,CNY
1456.0313876382,1457.5778332662,1442.2286400145,1455.2917832075,2582703,600519.SH,2025-09-15,贵州茅台,NA,CNY
1455.2917832075,1460.9492768403,1437.1474615226,1440.7686416577,3271789,600519.SH,2025-09-16,贵州茅台,NA,CNY
1440.77824691,1450.6620515758,1431.1922050669,1434.0641755189,3033054,600519.SH,2025-09-17,贵州茅台,NA,CNY
1433.1036502842,1438.6746966458,1405.7286810931,1410.0126236402,4972125,600519.SH,2025-09-18,贵州茅台,NA,CNY
1410.0414393972,1417.2549839104,1399.4948723194,1410.0222288925,3263662,600519.SH,2025-09-19,贵州茅台,NA,CNY
1407.2559162164,1410.0222288925,1392.771195676,1395.9793499601,3494708,600519.SH,2025-09-22,贵州茅台,NA,CNY
1393.241853041,1399.9655296844,1383.1563380759,1390.2834353179,3866300,600519.SH,2025-09-23,贵州茅台,NA,CNY
1377.4604234336,1399.2739515154,1377.4604234336,1385.0773885454,3074350,600519.SH,2025-09-24,贵州茅台,NA,CNY
1385.8746244903,1388.160674549,1379.3142371368,1382.1958128411,3386973,600519.SH,2025-09-25,贵州茅台,NA,CNY
1384.2897578529,1389.9856724951,1371.6396405109,1378.353711902,4512071,600519.SH,2025-09-26,贵州茅台,NA,CNY
1382.5608124303,1411.9624898668,1378.353711902,1403.1928944733,5368403,600519.SH,2025-09-29,贵州茅台,NA,CNY
1402.3668427714,1403.0968419498,1383.1563380759,1386.9888337626,3936362,600519.SH,2025-09-30,贵州茅台,NA,CNY
1379.3142371368,1382.5608124303,1363.9458333804,1380.0634468199,5491812,600519.SH,2025-10-09,贵州茅台,NA,CNY
1380.8510775124,1383.0987065618,1371.1497726412,1373.5510857281,3600144,600519.SH,2025-10-10,贵州茅台,NA,CNY
1359.8155748708,1366.6833302995,1359.2584702347,1363.1774131925,4606880,600519.SH,2025-10-13,贵州茅台,NA,CNY
1373.5414804758,1406.2089437105,1373.5414804758,1393.7413261631,6667233,600519.SH,2025-10-14,贵州茅台,NA,CNY
1393.7029051537,1405.2484184757,1388.0358062685,1404.2878932409,4278540,600519.SH,2025-10-15,贵州茅台,NA,CNY
1404.2110512221,1426.331947379,1401.2910545084,1426.2935263696,4573015,600519.SH,2025-10-16,贵州茅台,NA,CNY
1424.5549756947,1429.2615493451,1396.6325071197,1397.5642165975,3808589,600519.SH,2025-10-17,贵州茅台,NA,CNY
1397.5642165975,1411.4918325017,1397.4489535693,1400.3785555354,2594988,600519.SH,2025-10-20,贵州茅台,NA,CNY
1401.4063175366,1411.914463605,1398.0444792149,1404.5376298019,2544267,600519.SH,2025-10-21,贵州茅台,NA,CNY
1404.3647352597,1407.8706523666,1398.5247418323,1401.1181599661,1819492,600519.SH,2025-10-22,贵州茅台,NA,CNY
1397.5642165975,1410.8194648374,1390.0721197662,1410.0318341449,2932235,600519.SH,2025-10-23,贵州茅台,NA,CNY
1410.0030183878,1420.5015592039,1392.1276437687,1392.7615904236,3822583,600519.SH,2025-10-24,贵州茅台,NA,CNY
1383.1563380759,1395.1532982582,1379.3046318844,1383.5501534221,3710239,600519.SH,2025-10-27,贵州茅台,NA,CNY
1385.0773885454,1393.9142207053,1384.2129158341,1387.9589642497,2712433,600519.SH,2025-10-28,贵州茅台,NA,CNY
1383.1755485806,1389.4477783636,1373.5895067375,1375.3760836742,3393711,600519.SH,2025-10-29,贵州茅台,NA,CNY
1365.6843840553,1379.9193680347,1365.6843840553,1370.4197734627,4745610,600519.SH,2025-10-30,贵州茅台,NA,CNY
1365.8668838499,1379.2950266321,1364.0514911562,1373.5606909805,3569377,600519.SH,2025-10-31,贵州茅台,NA,CNY
1374.5116109629,1390.8405399541,1364.0418859038,1378.353711902,3454766,600519.SH,2025-11-03,贵州茅台,NA,CNY
1378.4497644255,1379.1029215851,1367.5766187678,1372.5905604933,2656572,600519.SH,2025-11-04,贵州茅台,NA,CNY
1369.6033270132,1374.5020057105,1363.9554386327,1364.0226753991,3447527,600519.SH,2025-11-05,贵州茅台,NA,CNY
1373.5510857281,1384.5490996663,1373.5414804758,1378.4785801825,3834782,600519.SH,2025-11-06,贵州茅台,NA,CNY
1378.4593696778,1382.9450225242,1374.6172687387,1376.7496347599,1886139,600519.SH,2025-11-07,贵州茅台,NA,CNY
1378.353711902,1405.9111808877,1378.3345013973,1404.5760508113,4945154,600519.SH,2025-11-10,贵州茅台,NA,CNY
1404.2878932409,1404.4607877832,1389.8800147193,1401.3967122842,2669156,600519.SH,2025-11-11,贵州茅台,NA,CNY
1402.3476322667,1420.0020860818,1401.6080278359,1407.3135477304,3299210,600519.SH,2025-11-12,贵州茅台,NA,CNY
1404.4031562691,1415.4107754596,1400.4457923018,1412.3370947083,3117923,600519.SH,2025-11-13,贵州茅台,NA,CNY
1411.9720951191,1420.5687959703,1398.8128994027,1399.1010569731,2747306,600519.SH,2025-11-14,贵州茅台,NA,CNY
1396.6036913627,1414.8536708234,1388.7177791852,1412.9326203539,3446221,600519.SH,2025-11-17,贵州茅台,NA,CNY
1412.6444627834,1427.4077356419,1411.0115698843,1417.7352465278,3420478,600519.SH,2025-11-18,贵州茅台,NA,CNY
1415.8141960582,1421.1259006065,1411.9336741097,1412.9422256062,2204537,600519.SH,2025-11-19,贵州茅台,NA,CNY
1413.8931455887,1421.4812949434,1407.1982847023,1409.1961771906,2400232,600519.SH,2025-11-20,贵州茅台,NA,CNY
1412.4523577365,1421.5773474669,1398.5247418323,1408.7063093209,4260720,600519.SH,2025-11-21,贵州茅台,NA,CNY
1409.0905194148,1412.9326203539,1393.8469839389,1394.6826408932,3360744,600519.SH,2025-11-24,贵州茅台,NA,CNY
1400.4457923018,1400.4457923018,1387.4787016323,1387.6227804176,2844069,600519.SH,2025-11-25,贵州茅台,NA,CNY
1391.6858021607,1396.113823493,1386.5950184164,1391.945143974,2030616,600519.SH,2025-11-26,贵州茅台,NA,CNY
1392.2813278062,1392.7615904236,1382.2342338505,1390.1681722897,2228689,600519.SH,2025-11-27,贵州茅台,NA,CNY
1389.3997521019,1398.0444792149,1386.0379137802,1393.241853041,2321121,600519.SH,2025-11-28,贵州茅台,NA,CNY
1393.7221156584,1404.5472350543,1385.0773885454,1390.8405399541,2733342,600519.SH,2025-12-01,贵州茅台,NA,CNY
1390.8405399541,1394.6057988744,1378.3729224067,1379.3430528938,2504726,600519.SH,2025-12-02,贵州茅台,NA,CNY
1379.1317373421,1379.2854213797,1371.6300352586,1372.6866130168,2357279,600519.SH,2025-12-03,贵州茅台,NA,CNY
1372.6866130168,1375.952398815,1362.3897825,1367.7687238148,2907539,600519.SH,2025-12-04,贵州茅台,NA,CNY
1367.7687238148,1376.5191087036,1363.465570763,1373.5606909805,2540166,600519.SH,2025-12-05,贵州茅台,NA,CNY
1372.7826655403,1379.9577890441,1362.0247829108,1362.2360984625,3360280,600519.SH,2025-12-08,贵州茅台,NA,CNY
1362.2457037148,1364.9063586151,1344.7833549466,1345.705459172,4263443,600519.SH,2025-12-09,贵州茅台,NA,CNY
1344.7353286849,1347.4247993422,1328.5792942359,1347.4247993422,3313347,600519.SH,2025-12-10,贵州茅台,NA,CNY
1351.1324267485,1356.2520262498,1346.2241427988,1356.2520262498,2238501,600519.SH,2025-12-11,贵州茅台,NA,CNY
1362.0247829108,1368.7484595542,1357.7696561208,1364.570174783,3715919,600519.SH,2025-12-12,贵州茅台,NA,CNY
1382.7625227296,1383.1467328235,1369.2959589381,1369.708984789,3335879,600519.SH,2025-12-15,贵州茅台,NA,CNY
1369.901089836,1372.3792449417,1359.1432072065,1365.8668838499,2396367,600519.SH,2025-12-16,贵州茅台,NA,CNY
1368.7484595542,1383.0987065618,1361.7174148357,1376.5287139559,3138249,600519.SH,2025-12-17,贵州茅台,NA,CNY
1376.9129240498,1382.0805498129,1369.8146425648,1374.5116109629,1782995,600519.SH,2025-12-18,贵州茅台,NA,CNY
1377.4002439568,1379.7935989906,1368.618096302,1377.4002439568,2650868,600519.SH,2025-12-19,贵州茅台,NA,CNY
1377.4002439568,1381.4445255241,1374.0593157055,1375.700473443,2042565,600519.SH,2025-12-22,贵州茅台,NA,CNY
1375.700473443,1380.2625012013,1364.8864162085,1375.3097216007,2450681,600519.SH,2025-12-23,贵州茅台,NA,CNY
1372.5060771325,1373.8444021922,1367.6314479003,1368.5106395454,2518669,600519.SH,2025-12-24,贵州茅台,NA,CNY
1372.5158459286,1386.6610626183,1368.9795417561,1381.4738319123,2338621,600519.SH,2025-12-25,贵州茅台,NA,CNY
1381.4738319123,1386.3289235523,1377.4002439568,1381.4347567281,1780299,600519.SH,2025-12-26,贵州茅台,NA,CNY
1381.4347567281,1381.4347567281,1368.608327506,1369.5852071116,2630810,600519.SH,2025-12-29,贵州茅台,NA,CNY
1368.608327506,1369.4875191511,1353.9551334213,1357.5891255543,3379194,600519.SH,2025-12-30,贵州茅台,NA,CNY
1357.8626518439,1361.7701702665,1345.3292865035,1345.3390552996,3476563,600519.SH,2025-12-31,贵州茅台,NA,CNY
1352.9782538157,1398.7743697282,1352.9782538157,1393.0303176471,7094942,600519.SH,2026-01-05,贵州茅台,NA,CNY
1399.428879064,1403.746686921,1383.7792677816,1394.9938456544,3958618,600519.SH,2026-01-06,贵州茅台,NA,CNY
1399.7512493339,1401.8222340978,1387.3644159343,1390.4513554882,2968380,600519.SH,2026-01-07,贵州茅台,NA,CNY
1390.4220491,1390.4513554882,1375.5832478903,1379.6470670497,2913454,600519.SH,2026-01-08,贵州茅台,NA,CNY
1384.2384011963,1395.5702046217,1383.2712903867,1386.2898483681,2984774,600519.SH,2026-01-09,贵州茅台,NA,CNY
1386.2898483681,1397.9147156753,1384.3360891568,1390.3243611394,3608266,600519.SH,2026-01-12,贵州茅台,NA,CNY
1393.8020525355,1396.4689338589,1376.4135955551,1378.3771235624,3916866,600519.SH,2026-01-13,贵州茅台,NA,CNY
1378.3771235624,1389.3670191259,1363.8997678068,1365.6874574851,5175797,600519.SH,2026-01-14,贵州茅台,NA,CNY
1363.7434670699,1370.3960171843,1356.4754828039,1356.7783154816,4090714,600519.SH,2026-01-15,贵州茅台,NA,CNY
1362.7470498721,1365.1892488862,1348.0938557875,1350.0476149988,5512068,600519.SH,2026-01-16,贵州茅台,NA,CNY
1349.9499270382,1355.4106840337,1343.2094577593,1344.1863373649,4228640,600519.SH,2026-01-19,贵州茅台,NA,CNY
1347.6054159847,1349.6373255644,1340.3276629226,1341.7929823311,3648443,600519.SH,2026-01-20,贵州茅台,NA,CNY
1341.8027511271,1342.6233299959,1318.7874676182,1319.8229600002,6451625,600519.SH,2026-01-21,贵州茅台,NA,CNY
1320.7509956255,1330.2755717805,1306.5569349555,1309.0772843381,5901089,600519.SH,2026-01-22,贵州茅台,NA,CNY
1309.1163595223,1316.8337084069,1301.6627681313,1306.0880327448,6194890,600519.SH,2026-01-23,贵州茅台,NA,CNY
1309.5168801606,1323.6718656464,1294.4827030298,1310.972430773,8016606,600519.SH,2026-01-26,贵州茅台,NA,CNY
1313.8835319979,1322.4019221591,1307.0649123505,1311.9590791747,4841596,600519.SH,2026-01-27,贵州茅台,NA,CNY
1311.9883855629,1315.5735337156,1291.4446074562,1293.0857651937,7621801,600519.SH,2026-01-28,贵州茅台,NA,CNY
1304.1342735335,1411.5910301543,1298.331608676,1404.4793466252,18953440,600519.SH,2026-01-29,贵州茅台,NA,CNY
1401.8222340978,1401.8222340978,1368.608327506,1368.608327506,9447974,600519.SH,2026-01-30,贵州茅台,NA,CNY
1392.0534380414,1424.8570551989,1378.9827889179,1394.0071972527,8572427,600519.SH,2026-02-02,贵州茅台,NA,CNY
1411.5910301543,1442.6655704098,1409.6665773312,1440.8192679551,8632066,600519.SH,2026-02-03,贵州茅台,NA,CNY
1450.66621438,1497.8201929444,1439.9205387179,1489.7413986057,10912293,600519.SH,2026-02-04,贵州茅台,NA,CNY
1484.8570005775,1528.8165828314,1479.9726025493,1519.047786775,9162274,600519.SH,2026-02-05,贵州茅台,NA,CNY
1519.047786775,1531.7472216484,1471.0634605458,1479.9823713454,7896538,600519.SH,2026-02-06,贵州茅台,NA,CNY
1482.9032413662,1507.2080059546,1478.4975143448,1489.7023234215,5116846,600519.SH,2026-02-09,贵州茅台,NA,CNY
1489.7120922176,1489.7120922176,1461.9003298449,1470.0084305717,3957596,600519.SH,2026-02-10,贵州茅台,NA,CNY
1470.0084305717,1478.9957229437,1461.4118900421,1469.5492971571,3092846,600519.SH,2026-02-11,贵州茅台,NA,CNY
1465.5147843858,1468.0742089526,1439.2953357703,1452.229221749,4624582,600519.SH,2026-02-12,贵州茅台,NA,CNY
1452.229221749,1472.9390693887,1436.5796104666,1450.9592782617,4167901,600519.SH,2026-02-13,贵州茅台,NA,CNY
1485.8338801832,1489.1552708423,1429.7609908192,1432.8870055573,4191253,600519.SH,2026-02-24,贵州茅台,NA,CNY
1436.0130202954,1474.7560654552,1433.9420355314,1457.1722325536,3688067,600519.SH,2026-02-25,贵州茅台,NA,CNY
1452.229221749,1455.0524038093,1430.8062519973,1432.31064659,3295801,600519.SH,2026-02-26,贵州茅台,NA,CNY
1433.0726126824,1442.0794426464,1421.3793638028,1421.3793638028,3216016,600519.SH,2026-02-27,贵州茅台,NA,CNY
1416.4754281825,1423.313585422,1403.4438542432,1406.8140888827,3545386,600519.SH,2026-03-02,贵州茅台,NA,CNY
1406.8043200866,1419.2790726507,1389.2497935732,1393.2159247721,4589086,600519.SH,2026-03-03,贵州茅台,NA,CNY
1382.284641985,1390.0996788301,1359.9043302197,1368.784165835,4801443,600519.SH,2026-03-04,贵州茅台,NA,CNY
1373.4927255342,1380.2918075895,1362.7470498721,1366.6936434789,3050524,600519.SH,2026-03-05,贵州茅台,NA,CNY
1362.7470498721,1374.9580449427,1355.9088926326,1369.5852071116,2915415,600519.SH,2026-03-06,贵州茅台,NA,CNY
1357.8626518439,1372.418157968,1351.2198705255,1364.7008090834,3744162,600519.SH,2026-03-09,贵州茅台,NA,CNY
1372.418157968,1376.9020353579,1365.6776886891,1369.4679815589,2462592,600519.SH,2026-03-10,贵州茅台,NA,CNY
1370.5523179212,1373.4829567381,1365.6972262812,1367.6314479003,2445673,600519.SH,2026-03-11,贵州茅台,NA,CNY
1362.7470498721,1371.4901223426,1358.8493002456,1359.8164110552,2758646,600519.SH,2026-03-12,贵州茅台,NA,CNY
1360.2853132659,1384.8440665518,1359.8164110552,1380.9560857213,3360783,600519.SH,2026-03-13,贵州茅台,NA,CNY
1387.1690400132,1432.1055018728,1387.1690400132,1426.4200625679,6008635,600519.SH,2026-03-16,贵州茅台,NA,CNY
1434.0592610841,1463.4340308258,1427.4067109696,1450.66621438,4945361,600519.SH,2026-03-17,贵州茅台,NA,CNY
1454.5737328026,1461.9003298449,1429.3213949967,1434.8407647686,3555100,600519.SH,2026-03-18,贵州茅台,NA,CNY
1438.9045839281,1438.9436591123,1412.5679097599,1419.2790726507,3031859,600519.SH,2026-03-19,贵州茅台,NA,CNY
1419.3669918152,1428.686423253,1405.7297525204,1411.5910301543,2613234,600519.SH,2026-03-20,贵州茅台,NA,CNY
1400.1908451564,1401.8222340978,1367.6607542885,1375.5148663179,4725589,600519.SH,2026-03-23,贵州茅台,NA,CNY
1383.2615215906,1384.8147601636,1367.8072862294,1374.7919754097,2856179,600519.SH,2026-03-24,贵州茅台,NA,CNY
1377.5077007134,1385.0882864532,1368.618096302,1377.6640014503,2609346,600519.SH,2026-03-25,贵州茅台,NA,CNY
1376.4233643511,1381.2100744188,1367.924511782,1368.784165835,2309289,600519.SH,2026-03-26,贵州茅台,NA,CNY
1367.6314479003,1393.0303176471,1364.3686700175,1383.2810591827,3008711,600519.SH,2026-03-27,贵州茅台,NA,CNY
1374.4696051398,1397.9147156753,1370.0931845066,1387.1690400132,2868459,600519.SH,2026-03-30,贵州茅台,NA,CNY
1434.0592610841,1445.7134347794,1414.9221896095,1416.4754281825,6169066,600519.SH,2026-03-31,贵州茅台,NA,CNY
1430.6304136683,1436.0032514993,1419.2888414467,1425.6971716598,2912514,600519.SH,2026-04-01,贵州茅台,NA,CNY
1425.6971716598,1431.0113967145,1418.5268753543,1426.1269986862,2106437,600519.SH,2026-04-02,贵州茅台,NA,CNY
1425.7948596203,1435.9739451111,1421.3598262107,1426.2442242389,2019373,600519.SH,2026-04-03,贵州茅台,NA,CNY
1426.2930682192,1436.0130202954,1401.8710780781,1406.7261697182,2415218,600519.SH,2026-04-07,贵州茅台,NA,CNY
1426.2442242389,1435.1142910582,1418.5561817425,1431.1481598593,3383610,600519.SH,2026-04-08,贵州茅台,NA,CNY
1431.1481598593,1431.1481598593,1414.0332291684,1426.7228952457,2070476,600519.SH,2026-04-09,贵州茅台,NA,CNY
1425.4041077781,1425.9609291533,1407.7811996923,1420.3438714208,2886556,600519.SH,2026-04-10,贵州茅台,NA,CNY
1410.6141505486,1413.0563495627,1399.8684748866,1409.9401036207,2521364,600519.SH,2026-04-13,贵州茅台,NA,CNY
1409.2465191007,1415.1077967346,1401.8222340978,1413.447101405,2423261,600519.SH,2026-04-14,贵州茅台,NA,CNY
1411.5714925622,1436.7847551838,1408.6603913373,1433.5708212812,3455348,600519.SH,2026-04-15,贵州茅台,NA,CNY
1433.521977301,1443.2516981732,1426.2442242389,1429.018562319,2451284,600519.SH,2026-04-16,贵州茅台,NA,CNY
1367.6314479003,1388.1459196188,1367.5044535516,1374.7040562452,9682499,600519.SH,2026-04-17,贵州茅台,NA,CNY
1370.5620867173,1381.249149603,1367.6314479003,1378.2696668058,3645139,600519.SH,2026-04-20,贵州茅台,NA,CNY
1378.3771235624,1387.0713520526,1377.4002439568,1379.3637719641,2175427,600519.SH,2026-04-21,贵州茅台,NA,CNY
1382.284641985,1386.1921604076,1372.4963083364,1376.9118041539,2691593,600519.SH,2026-04-22,贵州茅台,NA,CNY
1375.4464847455,1386.8759761315,1372.6135338891,1386.1921604076,3770109,600519.SH,2026-04-23,贵州茅台,NA,CNY
1380.4285707343,1425.1501190806,1380.4285707343,1424.7691360344,5545531,600519.SH,2026-04-24,贵州茅台,NA,CNY
1387.1690400132,1387.1690400132,1369.7805830328,1370.7574626384,7279774,600519.SH,2026-04-27,贵州茅台,NA,CNY
1369.5852071116,1376.8043473973,1367.738904657,1372.5158459286,3400442,600519.SH,2026-04-28,贵州茅台,NA,CNY
1372.5158459286,1377.1560240554,1367.9049741899,1368.7743970389,3481313,600519.SH,2026-04-29,贵州茅台,NA,CNY
1367.6314479003,1368.7743970389,1348.0938557875,1352.7731090985,5275267,600519.SH,2026-04-30,贵州茅台,NA,CNY
1333.5383496634,1347.1169761818,1328.6051076549,1343.2094577593,4780604,600519.SH,2026-05-06,贵州茅台,NA,CNY
1343.2094577593,1355.9088926326,1338.3348285271,1339.350783317,4046147,600519.SH,2026-05-07,贵州茅台,NA,CNY
1339.9466798764,1350.7998122951,1338.325059731,1341.2459297519,3336853,600519.SH,2026-05-08,贵州茅台,NA,CNY
1341.1482417914,1341.1482417914,1329.5331432803,1329.8555135501,5713510,600519.SH,2026-05-11,贵州茅台,NA,CNY
1330.5100228859,1332.0534926628,1319.275907421,1323.2322698239,5083743,600519.SH,2026-05-12,贵州茅台,NA,CNY
1323.1834258436,1327.1886322267,1307.0649123505,1313.0141091488,5696787,600519.SH,2026-05-13,贵州茅台,NA,CNY
1307.0649123505,1337.4067929017,1304.3101118626,1311.138500306,5524434,600519.SH,2026-05-14,贵州茅台,NA,CNY
1304.2808054744,1308.3153182457,1296.426693445,1302.131670342,5818365,600519.SH,2026-05-15,贵州茅台,NA,CNY
1305.1111531392,1311.6367089049,1289.1000964027,1292.4117182658,4966097,600519.SH,2026-05-18,贵州茅台,NA,CNY
1291.3371506996,1299.2401067093,1287.5273202376,1293.6816617532,4325464,600519.SH,2026-05-19,贵州茅台,NA,CNY
1290.4579590545,1302.1707455262,1283.619801815,1284.5966814207,4748733,600519.SH,2026-05-20,贵州茅台,NA,CNY
1282.6233846173,1292.9196956608,1280.6891629981,1280.6891629981,3886838,600519.SH,2026-05-21,贵州茅台,NA,CNY
1280.6403190178,1281.5781234392,1260.2919168323,1260.3700672007,4915714,600519.SH,2026-05-22,贵州茅台,NA,CNY
1257.2440524627,1274.6227406471,1247.4752564062,1256.1499473043,4635276,600519.SH,2026-05-25,贵州茅台,NA,CNY
1255.6322011134,1260.067234523,1240.6468679628,1243.9389522338,4593162,600519.SH,2026-05-26,贵州茅台,NA,CNY
1238.7028775476,1288.5041998432,1221.1971950144,1272.874126153,8272791,600519.SH,2026-05-27,贵州茅台,NA,CNY
1260.1746912796,1273.8510057586,1241.6139787724,1246.4788392085,4588998,600519.SH,2026-05-28,贵州茅台,NA,CNY
1241.2232269301,1298.2729958997,1240.6370991667,1295.3423570827,7647805,600519.SH,2026-05-29,贵州茅台,NA,CNY
1296.3192366884,1296.3192366884,1271.2231996194,1279.3215315502,4384460,600519.SH,2026-06-01,贵州茅台,NA,CNY
1275.8047649699,1295.6940337408,1270.9203669417,1276.9965580888,3636185,600519.SH,2026-06-02,贵州茅台,NA,CNY
1273.8510057586,1273.8510057586,1246.4983768006,1252.2717352699,5247652,600519.SH,2026-06-03,贵州茅台,NA,CNY
1249.4192468215,1259.1880428779,1237.4036276721,1238.6833399554,3350617,600519.SH,2026-06-04,贵州茅台,NA,CNY
1248.4521360119,1253.3365340401,1238.429351258,1243.4309748389,3130397,600519.SH,2026-06-05,贵州茅台,NA,CNY
1242.590858378,1248.4521360119,1230.8683031103,1233.7794043351,3082836,600519.SH,2026-06-08,贵州茅台,NA,CNY
1233.7891731312,1233.7989419272,1223.5905500483,1226.9607846877,2786012,600519.SH,2026-06-09,贵州茅台,NA,CNY
1223.1314166336,1252.3596544345,1221.3046517711,1246.3811512479,3924414,600519.SH,2026-06-10,贵州茅台,NA,CNY
1242.7080839307,1253.2193084874,1237.6185411853,1249.4290156175,2535198,600519.SH,2026-06-11,贵州茅台,NA,CNY
1241.7898171014,1265.0590893078,1235.7624699346,1262.0405313264,5049478,600519.SH,2026-06-12,贵州茅台,NA,CNY
1262.8122662148,1262.8122662148,1240.7347871273,1241.7116667329,4158556,600519.SH,2026-06-15,贵州茅台,NA,CNY
1237.7162291459,1238.5661144028,1225.9839050821,1226.6384144179,3496974,600519.SH,2026-06-16,贵州茅台,NA,CNY
1228.914543899,1230.643620801,1209.9240043653,1211.3307109974,4480330,600519.SH,2026-06-17,贵州茅台,NA,CNY
1206.4463129692,1210.2268370431,1183.216115947,1186.9087208564,5747173,600519.SH,2026-06-18,贵州茅台,NA,CNY
1186.2346739285,1223.8347699497,1177.1399247999,1212.7081112414,5825131,600519.SH,2026-06-22,贵州茅台,NA,CNY
1210.3538313918,1234.7758215329,1188.8624800677,1194.1864739184,5800405,600519.SH,2026-06-23,贵州茅台,NA,CNY
1194.3818498395,1213.15747586,1179.5918926101,1179.7579621431,4533528,600519.SH,2026-06-24,贵州茅台,NA,CNY
1179.0936840112,1198.6312761241,1172.2555267717,1184.07577,4844649,600519.SH,2026-06-25,贵州茅台,NA,CNY
1199.0,1199.0,1168.1,1168.63,5006647,600519.SH,2026-06-26,贵州茅台,NA,CNY
1169.0,1215.0,1151.01,1194.96,6687812,600519.SH,2026-06-29,贵州茅台,NA,CNY
1187.0,1195.67,1176.0,1185.49,3960779,600519.SH,2026-06-30,贵州茅台,NA,CNY
1180.1,1196.8,1166.33,1193.01,4247381,600519.SH,2026-07-01,贵州茅台,NA,CNY
1193.01,1215.52,1190.51,1203.0,5087015,600519.SH,2026-07-02,贵州茅台,NA,CNY
1205.24,1210.14,1185.0,1194.45,3426755,600519.SH,2026-07-03,贵州茅台,NA,CNY
1186.0,1215.0,1180.0,1206.91,4097001,600519.SH,2026-07-06,贵州茅台,NA,CNY
1200.0,1202.0,1188.11,1188.8,2736500,600519.SH,2026-07-07,贵州茅台,NA,CNY
1188.77,1200.98,1177.0,1199.3,2577602,600519.SH,2026-07-08,贵州茅台,NA,CNY
1191.0,1191.99,1178.0,1182.19,3409634,600519.SH,2026-07-09,贵州茅台,NA,CNY
1182.2,1204.98,1170.28,1204.98,5221255,600519.SH,2026-07-10,贵州茅台,NA,CNY
1197.12,1215.0,1190.19,1210.99,4198257,600519.SH,2026-07-13,贵州茅台,NA,CNY
1208.99,1226.87,1205.0,1214.88,4352726,600519.SH,2026-07-14,贵州茅台,NA,CNY
1203.66,1256.6,1198.66,1251.06,7194371,600519.SH,2026-07-15,贵州茅台,NA,CNY
1252.0,1267.97,1245.05,1258.99,4761114,600519.SH,2026-07-16,贵州茅台,NA,CNY
1269.01,1269.33,1238.98,1253.0,5841730,600519.SH,2026-07-17,贵州茅台,NA,CNY
1270.0,1329.0,1266.0,1327.5,10615115,600519.SH,2026-07-20,贵州茅台,NA,CNY
1338.98,1344.7,1296.87,1308.0,7714770,600519.SH,2026-07-21,贵州茅台,NA,CNY
1300.0,1308.0,1283.24,1305.0,6518140,600519.SH,2026-07-22,贵州茅台,NA,CNY
1299.8,1303.0,1285.43,1292.01,3391769,600519.SH,2026-07-23,贵州茅台,NA,CNY
1305.0,1309.21,1286.2,1297.41,3569892,600519.SH,2026-07-24,贵州茅台,NA,CNY
1308.0,1308.0,1279.58,1289.5,3199044,600519.SH,2026-07-27,贵州茅台,NA,CNY
1299.0,1320.0,1289.52,1320.0,5313457,600519.SH,2026-07-28,贵州茅台,NA,CNY
1333.83,1343.48,1312.06,1321.0,6232985,600519.SH,2026-07-29,贵州茅台,NA,CNY
1323.0,1362.0,1322.0,1361.76,7187261,600519.SH,2026-07-30,贵州茅台,NA,CNY
1330.03,1355.72,1325.77,1350.6,5512752,600519.SH,2026-07-31,贵州茅台,NA,CNY
1350.6,1363.35,1346.0,1358.98,3614686,600519.SH,2026-08-03,贵州茅台,NA,CNY
1350.06,1350.94,1328.36,1328.36,3745031,600519.SH,2026-08-04,贵州茅台,NA,CNY
1328.36,1333.8,1303.5,1306.45,4268859,600519.SH,2026-08-05,贵州茅台,NA,CNY
1310.0,1314.4,1300.01,1308.55,2546328,600519.SH,2026-08-06,贵州茅台,NA,CNY
1308.66,1315.28,1301.0,1309.22,2497581,600519.SH,2026-08-07,贵州茅台,NA,CNY
1325.0,1359.97,1318.08,1348.86,6268572,600519.SH,2026-08-10,贵州茅台,NA,CNY
1348.0,1352.65,1338.0,1346.5,2707300,600519.SH,2026-08-11,贵州茅台,NA,CNY
1346.5,1356.88,1332.51,1343.0,3505960,600519.SH,2026-08-12,贵州茅台,NA,CNY
1338.0,1359.6,1337.0,1355.29,3235348,600519.SH,2026-08-13,贵州茅台,NA,CNY
1355.0,1359.0,1338.14,1341.99,2985315,600519.SH,2026-08-14,贵州茅台,NA,CNY
1295.0,1301.0,1280.34,1293.09,7842956,600519.SH,2026-08-17,贵州茅台,NA,CNY
1291.0,1302.9,1285.17,1297.99,3872283,600519.SH,2026-08-18,贵州茅台,NA,CNY
1300.0,1308.88,1290.5,1307.88,3754751,600519.SH,2026-08-19,贵州茅台,NA,CNY
1299.8,1306.88,1291.0,1291.5,2533166,600519.SH,2026-08-20,贵州茅台,NA,CNY
1291.5,1291.5,1272.01,1272.83,3347231,600519.SH,2026-08-21,贵州茅台,NA,CNY
1271.01,1313.8,1270.33,1304.66,4843957,600519.SH,2026-08-24,贵州茅台,NA,CNY
1311.89,1317.0,1301.11,1304.0,2111118,600519.SH,2026-08-25,贵州茅台,NA,CNY
1300.0,1314.45,1295.0,1302.8,2173083,600519.SH,2026-08-26,贵州茅台,NA,CNY
1304.0,1305.0,1288.0,1292.3,2476747,600519.SH,2026-08-27,贵州茅台,NA,CNY
1289.0,1297.89,1288.0,1297.4,1612611,600519.SH,2026-08-28,贵州茅台,NA,CNY
1297.99,1305.0,1286.0,1299.52,2324759,600519.SH,2026-08-31,贵州茅台,NA,CNY
1295.0,1307.99,1286.1,1299.56,3266402,600519.SH,2026-09-01,贵州茅台,NA,CNY
1302.8,1303.0,1291.2,1297.5,2030845,600519.SH,2026-09-02,贵州茅台,NA,CNY
1297.5,1305.0,1293.02,1298.88,1774765,600519.SH,2026-09-03,贵州茅台,NA,CNY
1295.88,1338.86,1295.6,1330.0,4541564,600519.SH,2026-09-04,贵州茅台,NA,CNY
1324.0,1333.6,1312.66,1316.01,2524962,600519.SH,2026-09-07,贵州茅台,NA,CNY
1318.0,1323.0,1309.05,1309.3,1753404,600519.SH,2026-09-08,贵州茅台,NA,CNY
1305.01,1309.3,1286.68,1290.88,3222611,600519.SH,2026-09-09,贵州茅台,NA,CNY
1291.0,1294.99,1282.0,1285.13,1890022,600519.SH,2026-09-10,贵州茅台,NA,CNY
1285.15,1286.15,1263.01,1275.16,3480142,600519.SH,2026-09-11,贵州茅台,NA,CNY
1277.27,1285.53,1270.36,1277.96,1657146,600519.SH,2026-09-14,贵州茅台,NA,CNY
1281.0,1284.5,1271.28,1272.75,1376172,600519.SH,2026-09-15,贵州茅台,NA,CNY
1273.93,1274.98,1254.1,1258.0,2623524,600519.SH,2026-09-16,贵州茅台,NA,CNY
1257.98,1267.6,1254.0,1266.98,1755380,600519.SH,2026-09-17,贵州茅台,NA,CNY
1262.99,1265.88,1256.1,1257.12,2489087,600519.SH,2026-09-18,贵州茅台,NA,CNY
1259.0,1259.95,1250.8,1252.57,2501689,600519.SH,2026-09-21,贵州茅台,NA,CNY
3738.0622,3738.0622,3711.2049,3714.6037,92596479,000300.SH,2023-09-25,NA,NA,CNY
3711.7106,3723.8481,3692.6172,3692.8928,78044525,000300.SH,2023-09-26,NA,NA,CNY
3694.9607,3731.1405,3694.3938,3700.495,91629210,000300.SH,2023-09-27,NA,NA,CNY
3711.2117,3716.0569,3685.3001,3689.5172,85221719,000300.SH,2023-09-28,NA,NA,CNY
3678.929,3694.1713,3641.9966,3684.7272,102148058,000300.SH,2023-10-09,NA,NA,CNY
3696.2542,3701.2562,3655.589,3657.1259,99163730,000300.SH,2023-10-10,NA,NA,CNY
3674.7514,3689.5347,3658.355,3667.5483,102091587,000300.SH,2023-10-11,NA,NA,CNY
3697.9337,3711.4985,3682.8418,3702.3824,114363225,000300.SH,2023-10-12,NA,NA,CNY
3677.9585,3678.1913,3652.3094,3663.4104,98287987,000300.SH,2023-10-13,NA,NA,CNY
3664.039,3664.039,3615.7686,3626.5972,91853118,000300.SH,2023-10-16,NA,NA,CNY
3635.2994,3645.5654,3619.1277,3639.4018,90745188,000300.SH,2023-10-17,NA,NA,CNY
3631.0671,3632.0579,3608.9768,3610.5767,94545879,000300.SH,2023-10-18,NA,NA,CNY
3588.5154,3588.5154,3532.3059,3533.5445,111737520,000300.SH,2023-10-19,NA,NA,CNY
3518.3464,3535.6623,3501.725,3510.5889,98518605,000300.SH,2023-10-20,NA,NA,CNY
3500.199,3505.3468,3450.6456,3474.2438,96561652,000300.SH,2023-10-23,NA,NA,CNY
3481.7644,3495.0039,3453.1016,3487.1302,115547289,000300.SH,2023-10-24,NA,NA,CNY
3524.2965,3531.8314,3500.9154,3504.4576,128009617,000300.SH,2023-10-25,NA,NA,CNY
3484.7807,3515.5716,3478.0503,3514.1448,105143566,000300.SH,2023-10-26,NA,NA,CNY
3501.171,3576.5861,3494.5488,3562.3851,120225108,000300.SH,2023-10-27,NA,NA,CNY
3554.1055,3592.7188,3554.0238,3583.7718,144010426,000300.SH,2023-10-30,NA,NA,CNY
3581.6759,3581.6759,3554.5822,3572.5056,112587267,000300.SH,2023-10-31,NA,NA,CNY
3605.7576,3606.4126,3564.6421,3571.0268,97645538,000300.SH,2023-11-01,NA,NA,CNY
3580.0672,3597.1699,3553.7406,3554.1889,90359643,000300.SH,2023-11-02,NA,NA,CNY
3558.5303,3596.101,3558.5303,3584.1364,97542101,000300.SH,2023-11-03,NA,NA,CNY
3608.3187,3635.7897,3600.6304,3632.6084,152982463,000300.SH,2023-11-06,NA,NA,CNY
3623.7849,3628.4615,3606.2975,3619.7593,110288591,000300.SH,2023-11-07,NA,NA,CNY
3610.6434,3627.0479,3591.8248,3611.0723,110594230,000300.SH,2023-11-08,NA,NA,CNY
3603.1082,3624.4141,3601.3744,3612.8263,111872057,000300.SH,2023-11-09,NA,NA,CNY
3596.0688,3599.4519,3576.1011,3586.4893,102107034,000300.SH,2023-11-10,NA,NA,CNY
3593.9109,3599.3897,3562.7682,3579.4141,96707649,000300.SH,2023-11-13,NA,NA,CNY
3581.1034,3600.1483,3568.882,3582.0584,100884158,000300.SH,2023-11-14,NA,NA,CNY
3616.8765,3620.6007,3596.9158,3607.2454,104929218,000300.SH,2023-11-15,NA,NA,CNY
3600.9813,3605.2898,3572.3636,3572.3641,87464780,000300.SH,2023-11-16,NA,NA,CNY
3561.3112,3573.6819,3547.0287,3568.0685,87319207,000300.SH,2023-11-17,NA,NA,CNY
3569.7314,3586.9731,3545.1038,3576.3233,91080445,000300.SH,2023-11-20,NA,NA,CNY
3587.8779,3615.0569,3575.682,3581.0674,108594314,000300.SH,2023-11-21,NA,NA,CNY
3569.4389,3574.3782,3544.4162,3544.4162,84784381,000300.SH,2023-11-22,NA,NA,CNY
3541.4416,3562.0675,3529.939,3561.5204,84800167,000300.SH,2023-11-23,NA,NA,CNY
3560.6462,3560.6462,3533.9955,3538.0087,85018403,000300.SH,2023-11-24,NA,NA,CNY
3534.4445,3534.4445,3492.8623,3511.9424,99102314,000300.SH,2023-11-27,NA,NA,CNY
3510.6554,3521.0463,3501.1093,3518.5232,89335789,000300.SH,2023-11-28,NA,NA,CNY
3518.8836,3519.198,3482.2444,3488.3073,98841412,000300.SH,2023-11-29,NA,NA,CNY
3485.5171,3505.1273,3481.4515,3496.2028,101350820,000300.SH,2023-11-30,NA,NA,CNY
3494.2234,3494.2234,3452.1728,3482.8813,108530941,000300.SH,2023-12-01,NA,NA,CNY
3481.0449,3488.133,3459.611,3460.138,97156826,000300.SH,2023-12-04,NA,NA,CNY
3450.0898,3450.0898,3393.8139,3394.2571,100472007,000300.SH,2023-12-05,NA,NA,CNY
3387.8798,3420.2773,3382.9457,3399.598,105805519,000300.SH,2023-12-06,NA,NA,CNY
3394.3064,3404.4074,3369.7675,3391.2823,97713248,000300.SH,2023-12-07,NA,NA,CNY
3391.8585,3409.3845,3383.4479,3399.4618,129522054,000300.SH,2023-12-08,NA,NA,CNY
3378.0517,3426.6106,3346.8902,3419.4548,139626249,000300.SH,2023-12-11,NA,NA,CNY
3409.9976,3427.5456,3406.1013,3426.803,105590013,000300.SH,2023-12-12,NA,NA,CNY
3418.6413,3418.6413,3369.605,3369.605,95285367,000300.SH,2023-12-13,NA,NA,CNY
3387.3847,3399.1394,3350.7648,3351.9639,83655135,000300.SH,2023-12-14,NA,NA,CNY
3365.9388,3388.5047,3339.519,3341.5517,97787783,000300.SH,2023-12-15,NA,NA,CNY
3329.191,3352.3458,3314.9095,3329.3657,90526826,000300.SH,2023-12-18,NA,NA,CNY
3325.6596,3345.7795,3313.1874,3334.0412,83808118,000300.SH,2023-12-19,NA,NA,CNY
3334.332,3338.5434,3297.3652,3297.5022,92412868,000300.SH,2023-12-20,NA,NA,CNY
3285.6049,3339.3552,3283.9883,3330.8698,102546198,000300.SH,2023-12-21,NA,NA,CNY
3329.4668,3359.0601,3315.8976,3337.2281,105220133,000300.SH,2023-12-22,NA,NA,CNY
3330.3333,3348.882,3330.3333,3347.4508,74542693,000300.SH,2023-12-25,NA,NA,CNY
3345.3952,3345.4171,3315.937,3324.7902,74732935,000300.SH,2023-12-26,NA,NA,CNY
3326.9267,3341.2659,3309.6731,3336.3572,94403928,000300.SH,2023-12-27,NA,NA,CNY
3335.5572,3423.4018,3331.2082,3414.5403,148064851,000300.SH,2023-12-28,NA,NA,CNY
3411.1094,3432.5412,3409.5795,3431.1099,114928932,000300.SH,2023-12-29,NA,NA,CNY
3426.2684,3426.2684,3386.3522,3386.3522,116180726,000300.SH,2024-01-02,NA,NA,CNY
3379.7501,3392.8504,3362.6617,3378.2971,105613851,000300.SH,2024-01-03,NA,NA,CNY
3375.0207,3375.0207,3323.8647,3347.0519,106721013,000300.SH,2024-01-04,NA,NA,CNY
3341.3061,3372.5444,3313.5542,3329.1114,126400574,000300.SH,2024-01-05,NA,NA,CNY
3322.6051,3333.516,3283.3421,3286.0564,117429485,000300.SH,2024-01-08,NA,NA,CNY
3286.7083,3304.6008,3273.8431,3292.4994,109330465,000300.SH,2024-01-09,NA,NA,CNY
3281.6692,3312.9161,3268.2471,3277.129,94199366,000300.SH,2024-01-10,NA,NA,CNY
3275.3086,3311.1137,3266.7911,3295.6717,108789735,000300.SH,2024-01-11,NA,NA,CNY
3284.358,3310.4704,3279.6987,3284.1667,96853555,000300.SH,2024-01-12,NA,NA,CNY
3270.1029,3306.9217,3261.2687,3280.9195,88851530,000300.SH,2024-01-15,NA,NA,CNY
3272.571,3300.8762,3260.4362,3300.8762,113276665,000300.SH,2024-01-16,NA,NA,CNY
3291.1392,3291.1392,3229.082,3229.082,108769728,000300.SH,2024-01-17,NA,NA,CNY
3214.2844,3279.2538,3171.6329,3274.7286,174909168,000300.SH,2024-01-18,NA,NA,CNY
3261.2393,3286.9415,3251.8136,3269.7763,118501408,000300.SH,2024-01-19,NA,NA,CNY
3262.4685,3281.4205,3193.1776,3218.9016,148705628,000300.SH,2024-01-22,NA,NA,CNY
3208.4316,3249.5306,3188.1259,3231.9329,122012000,000300.SH,2024-01-23,NA,NA,CNY
3245.9592,3281.4892,3190.4674,3277.1089,154371954,000300.SH,2024-01-24,NA,NA,CNY
3274.3391,3344.2426,3269.7943,3342.9189,196833614,000300.SH,2024-01-25,NA,NA,CNY
3326.6465,3351.9692,3315.1265,3333.8213,180664005,000300.SH,2024-01-26,NA,NA,CNY
3335.3936,3351.3715,3303.9604,3303.9604,184164795,000300.SH,2024-01-29,NA,NA,CNY
3283.8977,3300.204,3244.9719,3245.0387,143649350,000300.SH,2024-01-30,NA,NA,CNY
3231.5425,3252.1475,3201.9264,3215.3518,153143469,000300.SH,2024-01-31,NA,NA,CNY
3202.2564,3251.7582,3191.8968,3217.7109,145516792,000300.SH,2024-02-01,NA,NA,CNY
3219.8734,3235.4079,3108.3515,3179.6276,173758089,000300.SH,2024-02-02,NA,NA,CNY
3164.25,3233.8485,3111.5184,3200.4218,203042970,000300.SH,2024-02-05,NA,NA,CNY
3185.2498,3314.512,3182.8216,3311.6922,202713099,000300.SH,2024-02-06,NA,NA,CNY
3314.0306,3343.6303,3289.6704,3343.6303,216647933,000300.SH,2024-02-07,NA,NA,CNY
3351.4052,3367.2101,3336.9779,3364.9297,189977578,000300.SH,2024-02-08,NA,NA,CNY
3393.1916,3403.8078,3364.1418,3403.8078,183319800,000300.SH,2024-02-19,NA,NA,CNY
3395.1916,3415.8943,3380.103,3410.8542,140734581,000300.SH,2024-02-20,NA,NA,CNY
3390.3619,3500.1338,3383.6911,3456.8713,188879362,000300.SH,2024-02-21,NA,NA,CNY
3450.3518,3486.6826,3448.4135,3486.6747,141020784,000300.SH,2024-02-22,NA,NA,CNY
3491.3367,3507.5592,3472.968,3489.7416,144821273,000300.SH,2024-02-23,NA,NA,CNY
3485.5427,3492.6061,3445.3889,3453.3585,151248331,000300.SH,2024-02-26,NA,NA,CNY
3440.0516,3494.7874,3437.4422,3494.7874,139528246,000300.SH,2024-02-27,NA,NA,CNY
3499.8257,3521.6574,3450.2598,3450.2598,189837548,000300.SH,2024-02-28,NA,NA,CNY
3437.8984,3516.0826,3437.8984,3516.0826,155944532,000300.SH,2024-02-29,NA,NA,CNY
3515.0587,3544.3595,3503.459,3537.8038,162709570,000300.SH,2024-03-01,NA,NA,CNY
3538.366,3548.6901,3519.7599,3540.8686,163244613,000300.SH,2024-03-04,NA,NA,CNY
3524.9644,3570.6935,3519.0816,3565.5143,166422389,000300.SH,2024-03-05,NA,NA,CNY
3556.5323,3577.3883,3545.1013,3551.0481,143076613,000300.SH,2024-03-06,NA,NA,CNY
3548.1007,3569.9185,3522.8964,3529.7195,148110510,000300.SH,2024-03-07,NA,NA,CNY
3529.5509,3548.5055,3511.577,3544.9099,125792664,000300.SH,2024-03-08,NA,NA,CNY
3545.9427,3589.2635,3542.2789,3589.2635,148202825,000300.SH,2024-03-11,NA,NA,CNY
3592.5826,3605.6976,3574.2117,3597.4939,180685560,000300.SH,2024-03-12,NA,NA,CNY
3594.4211,3594.4211,3563.3685,3572.361,144590590,000300.SH,2024-03-13,NA,NA,CNY
3571.7885,3597.46,3545.612,3562.2229,140962722,000300.SH,2024-03-14,NA,NA,CNY
3554.9068,3572.8091,3533.6798,3569.993,138316044,000300.SH,2024-03-15,NA,NA,CNY
3577.0564,3604.0519,3573.404,3603.528,160379438,000300.SH,2024-03-18,NA,NA,CNY
3593.3396,3610.7389,3577.188,3577.6303,145571786,000300.SH,2024-03-19,NA,NA,CNY
3568.7158,3589.5456,3568.4341,3585.3838,129528966,000300.SH,2024-03-20,NA,NA,CNY
3593.07,3601.1145,3575.0331,3581.0902,130743377,000300.SH,2024-03-21,NA,NA,CNY
3571.2736,3575.7171,3522.8404,3545.0023,139227358,000300.SH,2024-03-22,NA,NA,CNY
3536.7136,3564.9604,3525.7634,3525.7634,137015724,000300.SH,2024-03-25,NA,NA,CNY
3526.6818,3547.6461,3518.6018,3543.7467,126209535,000300.SH,2024-03-26,NA,NA,CNY
3538.7244,3542.9624,3502.7866,3502.7866,128626763,000300.SH,2024-03-27,NA,NA,CNY
3498.482,3551.2143,3489.3861,3520.9648,143334717,000300.SH,2024-03-28,NA,NA,CNY
3516.883,3538.2378,3516.883,3537.4843,128643290,000300.SH,2024-03-29,NA,NA,CNY
3551.5815,3600.9193,3551.5815,3595.6466,162776561,000300.SH,2024-04-01,NA,NA,CNY
3593.2206,3596.1903,3568.7539,3580.6759,141272972,000300.SH,2024-04-02,NA,NA,CNY
3578.6835,3582.4324,3558.874,3567.8031,135592331,000300.SH,2024-04-03,NA,NA,CNY
3553.5554,3567.82,3535.7688,3536.4077,155304283,000300.SH,2024-04-08,NA,NA,CNY
3533.3849,3543.7141,3518.8601,3533.4871,129670942,000300.SH,2024-04-09,NA,NA,CNY
3528.9679,3531.2295,3490.0525,3504.7086,128790274,000300.SH,2024-04-10,NA,NA,CNY
3485.0294,3520.5893,3484.9252,3504.2447,126534395,000300.SH,2024-04-11,NA,NA,CNY
3505.7499,3516.6988,3470.0611,3475.8389,128921116,000300.SH,2024-04-12,NA,NA,CNY
3473.5047,3552.4125,3473.5047,3549.0759,183941250,000300.SH,2024-04-15,NA,NA,CNY
3533.3636,3545.5034,3503.6158,3511.1146,176153065,000300.SH,2024-04-16,NA,NA,CNY
3509.1318,3565.9389,3498.0324,3565.403,168466398,000300.SH,2024-04-17,NA,NA,CNY
3550.5562,3602.7902,3547.5996,3569.8018,178574105,000300.SH,2024-04-18,NA,NA,CNY
3550.6087,3560.9492,3529.3237,3541.6619,147281505,000300.SH,2024-04-19,NA,NA,CNY
3536.1844,3558.1642,3528.0186,3530.9045,150579042,000300.SH,2024-04-22,NA,NA,CNY
3525.6681,3533.7584,3499.9838,3506.2249,143113504,000300.SH,2024-04-23,NA,NA,CNY
3514.0108,3524.537,3495.6494,3521.6219,121739851,000300.SH,2024-04-24,NA,NA,CNY
3510.6396,3543.9699,3505.1999,3530.2813,115187722,000300.SH,2024-04-25,NA,NA,CNY
3531.9647,3588.4003,3531.9647,3584.2686,197216133,000300.SH,2024-04-26,NA,NA,CNY
3584.5427,3645.8229,3578.7597,3623.9124,222721381,000300.SH,2024-04-29,NA,NA,CNY
3619.2586,3630.7092,3604.3943,3604.3943,191296899,000300.SH,2024-04-30,NA,NA,CNY
3654.0485,3668.2565,3645.738,3657.8767,208018007,000300.SH,2024-05-06,NA,NA,CNY
3657.0007,3665.684,3648.376,3659.0076,164834286,000300.SH,2024-05-07,NA,NA,CNY
3650.7484,3650.9355,3628.6984,3630.2233,130035336,000300.SH,2024-05-08,NA,NA,CNY
3630.4142,3669.7593,3630.4142,3664.561,146559017,000300.SH,2024-05-09,NA,NA,CNY
3669.0869,3674.6088,3641.7639,3666.2771,150720536,000300.SH,2024-05-10,NA,NA,CNY
3646.3491,3673.6211,3634.6049,3664.6907,157267455,000300.SH,2024-05-13,NA,NA,CNY
3668.2254,3675.776,3646.7092,3657.0454,133406490,000300.SH,2024-05-14,NA,NA,CNY
3651.0536,3656.5277,3624.002,3626.0559,123522764,000300.SH,2024-05-15,NA,NA,CNY
3636.6007,3657.4831,3626.334,3640.3592,154630503,000300.SH,2024-05-16,NA,NA,CNY
3638.5613,3677.9696,3627.447,3677.9696,164570417,000300.SH,2024-05-17,NA,NA,CNY
3682.0615,3703.0287,3677.4426,3690.9623,184609423,000300.SH,2024-05-20,NA,NA,CNY
3682.2868,3684.6106,3665.1524,3676.1611,130678283,000300.SH,2024-05-21,NA,NA,CNY
3675.6471,3691.8804,3667.0885,3684.451,151914605,000300.SH,2024-05-22,NA,NA,CNY
3672.8403,3674.3654,3633.5051,3641.7917,142572990,000300.SH,2024-05-23,NA,NA,CNY
3630.827,3650.8734,3599.6678,3601.4754,124791177,000300.SH,2024-05-24,NA,NA,CNY
3606.645,3638.1514,3603.7131,3635.7079,131272644,000300.SH,2024-05-27,NA,NA,CNY
3633.2535,3638.9703,3605.9213,3609.1724,123532238,000300.SH,2024-05-28,NA,NA,CNY
3609.0708,3633.1971,3602.8198,3613.5223,115906321,000300.SH,2024-05-29,NA,NA,CNY
3607.0522,3624.0352,3586.7543,3594.3121,122602995,000300.SH,2024-05-30,NA,NA,CNY
3599.8196,3614.6439,3579.9247,3579.9247,112462019,000300.SH,2024-05-31,NA,NA,CNY
3577.3798,3600.6044,3567.8713,3588.7483,141054591,000300.SH,2024-06-03,NA,NA,CNY
3583.8104,3622.5012,3580.2771,3615.6714,124545096,000300.SH,2024-06-04,NA,NA,CNY
3610.3601,3623.3232,3594.1056,3594.7936,110906766,000300.SH,2024-06-05,NA,NA,CNY
3602.1554,3625.0109,3584.171,3592.2454,137893517,000300.SH,2024-06-06,NA,NA,CNY
3594.6335,3603.0698,3552.0853,3574.1143,131103026,000300.SH,2024-06-07,NA,NA,CNY
3555.8186,3565.3113,3525.8945,3542.8771,134522306,000300.SH,2024-06-11,NA,NA,CNY
3539.0947,3551.1706,3531.5657,3544.1225,122813729,000300.SH,2024-06-12,NA,NA,CNY
3548.2162,3551.0771,3520.1802,3526.1306,123245462,000300.SH,2024-06-13,NA,NA,CNY
3514.7998,3547.1473,3503.5233,3541.5331,171516942,000300.SH,2024-06-14,NA,NA,CNY
3521.4365,3540.7932,3520.7381,3536.1986,137433438,000300.SH,2024-06-17,NA,NA,CNY
3533.4875,3551.7085,3532.7845,3545.5902,123671838,000300.SH,2024-06-18,NA,NA,CNY
3543.3599,3543.3599,3524.8449,3528.749,106642797,000300.SH,2024-06-19,NA,NA,CNY
3525.1687,3533.9865,3500.131,3503.2817,111617396,000300.SH,2024-06-20,NA,NA,CNY
3496.3428,3505.5123,3473.8283,3495.6198,109186615,000300.SH,2024-06-21,NA,NA,CNY
3473.6392,3505.7752,3471.2164,3476.8102,117990184,000300.SH,2024-06-24,NA,NA,CNY
3475.1648,3483.2189,3440.6464,3457.9023,118448118,000300.SH,2024-06-25,NA,NA,CNY
3451.5389,3487.3964,3442.2982,3480.2648,105898861,000300.SH,2024-06-26,NA,NA,CNY
3467.2888,3471.1423,3452.5775,3454.1175,114918101,000300.SH,2024-06-27,NA,NA,CNY
3443.6744,3484.678,3443.6744,3461.657,135409153,000300.SH,2024-06-28,NA,NA,CNY
3458.2636,3479.9548,3443.8086,3478.1827,121829770,000300.SH,2024-07-01,NA,NA,CNY
3472.4527,3488.3189,3464.5237,3471.7857,121650121,000300.SH,2024-07-02,NA,NA,CNY
3471.5556,3478.7047,3454.9942,3463.4141,103857108,000300.SH,2024-07-03,NA,NA,CNY
3468.2958,3483.3098,3444.928,3445.8128,104429909,000300.SH,2024-07-04,NA,NA,CNY
3443.3588,3451.0386,3399.6693,3431.0605,116609659,000300.SH,2024-07-05,NA,NA,CNY
3420.8033,3428.0418,3395.9123,3401.7604,115528218,000300.SH,2024-07-08,NA,NA,CNY
3396.8044,3448.9279,3384.8086,3439.8111,131629443,000300.SH,2024-07-09,NA,NA,CNY
3425.8818,3447.505,3423.6483,3428.9657,127203456,000300.SH,2024-07-10,NA,NA,CNY
3451.0442,3473.9837,3438.118,3468.169,145892466,000300.SH,2024-07-11,NA,NA,CNY
3459.9564,3479.0958,3457.3633,3472.4014,130874589,000300.SH,2024-07-12,NA,NA,CNY
3462.6113,3481.4613,3460.7915,3476.2467,118517083,000300.SH,2024-07-15,NA,NA,CNY
3466.8523,3500.2943,3464.3655,3498.2827,120659017,000300.SH,2024-07-16,NA,NA,CNY
3494.209,3514.4753,3486.2229,3501.5836,131802062,000300.SH,2024-07-17,NA,NA,CNY
3483.2975,3522.7995,3475.7236,3520.931,123768199,000300.SH,2024-07-18,NA,NA,CNY
3500.8052,3545.3383,3493.0734,3539.0156,132447975,000300.SH,2024-07-19,NA,NA,CNY
3538.4012,3540.1874,3494.0143,3514.9249,132126337,000300.SH,2024-07-22,NA,NA,CNY
3509.7887,3509.7887,3439.8779,3439.8779,128897660,000300.SH,2024-07-23,NA,NA,CNY
3432.3459,3451.4196,3408.4129,3418.1663,127036263,000300.SH,2024-07-24,NA,NA,CNY
3404.611,3415.8557,3383.7991,3399.2716,131022242,000300.SH,2024-07-25,NA,NA,CNY
3403.7084,3420.8201,3388.6601,3409.2931,124195558,000300.SH,2024-07-26,NA,NA,CNY
3404.3663,3408.5024,3388.8444,3390.742,109787786,000300.SH,2024-07-29,NA,NA,CNY
3380.6893,3380.6893,3352.8043,3369.3821,104952164,000300.SH,2024-07-30,NA,NA,CNY
3364.0268,3445.0042,3364.0268,3442.0844,171959177,000300.SH,2024-07-31,NA,NA,CNY
3443.1397,3448.3361,3419.1872,3419.2666,136323464,000300.SH,2024-08-01,NA,NA,CNY
3393.9167,3419.1023,3380.9645,3384.3919,116615255,000300.SH,2024-08-02,NA,NA,CNY
3362.1117,3409.0314,3343.3205,3343.3205,142812516,000300.SH,2024-08-05,NA,NA,CNY
3367.3517,3376.7956,3318.6251,3342.9789,119340279,000300.SH,2024-08-06,NA,NA,CNY
3338.5909,3362.3839,3329.9658,3341.489,95084377,000300.SH,2024-08-07,NA,NA,CNY
3332.4281,3364.7855,3320.8432,3342.9369,92495695,000300.SH,2024-08-08,NA,NA,CNY
3358.128,3366.6688,3331.6274,3331.6274,91511626,000300.SH,2024-08-09,NA,NA,CNY
3327.5561,3338.0771,3319.8908,3325.8645,79938754,000300.SH,2024-08-12,NA,NA,CNY
3328.0138,3335.014,3310.1909,3334.3903,84489679,000300.SH,2024-08-13,NA,NA,CNY
3332.7866,3332.7866,3309.1,3309.2389,78742407,000300.SH,2024-08-14,NA,NA,CNY
3301.4455,3356.7644,3297.9711,3341.953,104766399,000300.SH,2024-08-15,NA,NA,CNY
3342.0346,3356.9071,3335.6239,3345.634,96519083,000300.SH,2024-08-16,NA,NA,CNY
3344.2614,3375.9621,3343.7116,3356.9677,105571110,000300.SH,2024-08-19,NA,NA,CNY
3361.6394,3362.3338,3321.6397,3332.7034,101668331,000300.SH,2024-08-20,NA,NA,CNY
3322.9134,3339.443,3307.9917,3321.635,89954751,000300.SH,2024-08-21,NA,NA,CNY
3322.8723,3327.6962,3305.2453,3313.1357,100366504,000300.SH,2024-08-22,NA,NA,CNY
3305.9307,3336.2414,3305.6403,3327.1905,89525774,000300.SH,2024-08-23,NA,NA,CNY
3330.7184,3336.5271,3311.5701,3324.2231,93990772,000300.SH,2024-08-26,NA,NA,CNY
3315.686,3320.5667,3299.5635,3305.3338,95808157,000300.SH,2024-08-27,NA,NA,CNY
3298.9089,3305.3496,3274.5881,3286.4956,92696650,000300.SH,2024-08-28,NA,NA,CNY
3273.541,3290.7857,3269.5288,3277.6812,130702333,000300.SH,2024-08-29,NA,NA,CNY
3273.7532,3351.6254,3273.6496,3321.4323,188695443,000300.SH,2024-08-30,NA,NA,CNY
3307.5432,3307.7627,3264.7565,3265.011,147612353,000300.SH,2024-09-02,NA,NA,CNY
3261.741,3281.5935,3261.1877,3273.4282,122897306,000300.SH,2024-09-03,NA,NA,CNY
3253.898,3272.9861,3249.9809,3252.1649,104832482,000300.SH,2024-09-04,NA,NA,CNY
3252.96,3266.882,3247.1725,3257.7578,97109450,000300.SH,2024-09-05,NA,NA,CNY
3261.1542,3274.8144,3231.0685,3231.3457,88400417,000300.SH,2024-09-06,NA,NA,CNY
3214.7996,3222.9278,3180.9277,3192.9516,108673069,000300.SH,2024-09-09,NA,NA,CNY
3193.4557,3205.0972,3171.7932,3195.7552,97290078,000300.SH,2024-09-10,NA,NA,CNY
3187.0508,3197.3363,3174.0343,3186.1299,102482110,000300.SH,2024-09-11,NA,NA,CNY
3189.4271,3201.5544,3171.8775,3172.4747,92868657,000300.SH,2024-09-12,NA,NA,CNY
3174.0344,3188.9145,3159.247,3159.247,88336677,000300.SH,2024-09-13,NA,NA,CNY
3158.8179,3179.9012,3145.7908,3171.0102,84722814,000300.SH,2024-09-18,NA,NA,CNY
3178.3959,3213.8378,3149.7925,3196.0357,125439272,000300.SH,2024-09-19,NA,NA,CNY
3192.4322,3207.9875,3173.2238,3201.0497,118064098,000300.SH,2024-09-20,NA,NA,CNY
3200.8678,3230.1613,3198.0248,3212.7639,95344855,000300.SH,2024-09-23,NA,NA,CNY
3244.6468,3351.9684,3222.4885,3351.909,204072217,000300.SH,2024-09-24,NA,NA,CNY
3403.7021,3465.4882,3393.438,3401.533,241564255,000300.SH,2024-09-25,NA,NA,CNY
3399.3188,3545.3249,3391.6772,3545.3204,243134010,000300.SH,2024-09-26,NA,NA,CNY
3617.9203,3708.4951,3596.5833,3703.6849,265487774,000300.SH,2024-09-27,NA,NA,CNY
3846.6515,4038.6968,3796.5045,4017.8545,510217707,000300.SH,2024-09-30,NA,NA,CNY
4450.3675,4450.3675,4094.3519,4256.0962,589867894,000300.SH,2024-10-08,NA,NA,CNY
4168.8436,4197.6,3942.5118,3955.9839,482269295,000300.SH,2024-10-09,NA,NA,CNY
3979.6116,4098.4967,3912.7708,3997.7879,395053099,000300.SH,2024-10-10,NA,NA,CNY
3969.7576,3978.2389,3847.1228,3887.167,274096505,000300.SH,2024-10-11,NA,NA,CNY
3915.2186,3979.5431,3868.779,3961.3424,307578993,000300.SH,2024-10-14,NA,NA,CNY
3942.5342,3967.8712,3855.9949,3855.9949,242486448,000300.SH,2024-10-15,NA,NA,CNY
3806.1373,3877.7483,3805.0868,3831.589,218866407,000300.SH,2024-10-16,NA,NA,CNY
3853.841,3882.0733,3787.7498,3788.2217,212313820,000300.SH,2024-10-17,NA,NA,CNY
3780.3143,3998.214,3765.1615,3925.234,312958834,000300.SH,2024-10-18,NA,NA,CNY
3946.9016,3979.2638,3896.165,3935.1974,291185634,000300.SH,2024-10-21,NA,NA,CNY
3923.7443,3965.9084,3917.5218,3957.7755,223433396,000300.SH,2024-10-22,NA,NA,CNY
3955.3191,4012.1795,3939.0986,3973.2089,245873949,000300.SH,2024-10-23,NA,NA,CNY
3950.8987,3957.9832,3914.0887,3928.8334,174724062,000300.SH,2024-10-24,NA,NA,CNY
3931.3205,3992.8918,3921.9396,3956.421,210694885,000300.SH,2024-10-25,NA,NA,CNY
3953.1063,3964.1569,3917.2042,3964.1569,216160415,000300.SH,2024-10-28,NA,NA,CNY
3970.008,3991.3091,3921.5795,3924.649,217293984,000300.SH,2024-10-29,NA,NA,CNY
3904.1595,3926.0581,3864.3051,3889.4487,219436626,000300.SH,2024-10-30,NA,NA,CNY
3888.4229,3923.8997,3859.1079,3891.0396,300636718,000300.SH,2024-10-31,NA,NA,CNY
3882.4579,3933.2204,3879.9588,3890.0203,307986481,000300.SH,2024-11-01,NA,NA,CNY
3897.7144,3944.7619,3891.2109,3944.7619,229239060,000300.SH,2024-11-04,NA,NA,CNY
3937.6228,4046.6977,3925.4138,4044.5725,316862794,000300.SH,2024-11-05,NA,NA,CNY
4051.2891,4091.7031,4002.5027,4024.2831,335807938,000300.SH,2024-11-06,NA,NA,CNY
3987.2665,4146.151,3984.6652,4145.6952,341436414,000300.SH,2024-11-07,NA,NA,CNY
4192.0794,4200.908,4094.1631,4104.047,332350385,000300.SH,2024-11-08,NA,NA,CNY
4066.9336,4132.5111,4048.039,4131.1312,289594227,000300.SH,2024-11-11,NA,NA,CNY
4133.3528,4181.7096,4060.7936,4085.743,297778086,000300.SH,2024-11-12,NA,NA,CNY
4059.5898,4121.0735,4059.5898,4110.8901,240484099,000300.SH,2024-11-13,NA,NA,CNY
4101.2228,4118.1686,4034.9441,4039.6191,230152784,000300.SH,2024-11-14,NA,NA,CNY
4025.6482,4049.071,3968.8308,3968.8308,247399463,000300.SH,2024-11-15,NA,NA,CNY
3982.1036,4034.0596,3931.1872,3950.3806,306777946,000300.SH,2024-11-18,NA,NA,CNY
3954.6038,3979.1505,3896.7493,3976.8912,242946465,000300.SH,2024-11-19,NA,NA,CNY
3966.1238,4001.0847,3958.3383,3985.7727,184599372,000300.SH,2024-11-20,NA,NA,CNY
3979.4554,3999.5693,3966.0658,3989.2979,166125927,000300.SH,2024-11-21,NA,NA,CNY
3984.2435,3990.2647,3865.6989,3865.6989,216285809,000300.SH,2024-11-22,NA,NA,CNY
3875.6126,3889.7069,3812.3179,3848.0909,190702953,000300.SH,2024-11-25,NA,NA,CNY
3836.259,3875.229,3833.2842,3840.1847,149892441,000300.SH,2024-11-26,NA,NA,CNY
3829.3442,3907.164,3817.9125,3907.0447,174136096,000300.SH,2024-11-27,NA,NA,CNY
3904.2525,3908.3918,3866.0136,3872.5505,150117291,000300.SH,2024-11-28,NA,NA,CNY
3869.8903,3962.7002,3869.8903,3916.5832,187656713,000300.SH,2024-11-29,NA,NA,CNY
3909.7029,3955.1252,3902.1697,3947.632,197289784,000300.SH,2024-12-02,NA,NA,CNY
3946.7034,3963.9474,3922.8425,3951.8912,182496867,000300.SH,2024-12-03,NA,NA,CNY
3948.13,3957.365,3917.7467,3930.5568,174626318,000300.SH,2024-12-04,NA,NA,CNY
3916.5638,3936.3358,3910.0834,3921.5881,138534038,000300.SH,2024-12-05,NA,NA,CNY
3923.8954,3995.1168,3923.8954,3973.1405,192057907,000300.SH,2024-12-06,NA,NA,CNY
3970.6628,3995.5116,3948.4206,3966.5708,175959958,000300.SH,2024-12-09,NA,NA,CNY
4094.05,4098.3804,3988.9676,3995.6369,253463795,000300.SH,2024-12-10,NA,NA,CNY
3988.0179,4005.3253,3977.3522,3988.8308,177252846,000300.SH,2024-12-11,NA,NA,CNY
3987.1525,4031.7441,3981.3485,4028.5048,181621777,000300.SH,2024-12-12,NA,NA,CNY
4000.9854,4000.9854,3931.7392,3933.1808,230353079,000300.SH,2024-12-13,NA,NA,CNY
3930.7807,3938.7595,3901.6465,3911.8416,178511251,000300.SH,2024-12-16,NA,NA,CNY
3908.1263,3955.945,3908.1263,3922.0334,160939090,000300.SH,2024-12-17,NA,NA,CNY
3934.5425,3956.1441,3933.9693,3941.89,157738321,000300.SH,2024-12-18,NA,NA,CNY
3911.8901,3954.3491,3899.7479,3945.4635,161081040,000300.SH,2024-12-19,NA,NA,CNY
3937.4722,3958.6336,3923.2562,3927.7441,154986496,000300.SH,2024-12-20,NA,NA,CNY
3928.1493,3965.8502,3928.1493,3933.5718,190067362,000300.SH,2024-12-23,NA,NA,CNY
3934.9422,3985.8588,3934.7338,3983.6882,161494589,000300.SH,2024-12-24,NA,NA,CNY
3987.9557,4007.7626,3969.4766,3985.6291,159390747,000300.SH,2024-12-25,NA,NA,CNY
3981.7317,3991.5331,3965.5461,3987.4801,143425286,000300.SH,2024-12-26,NA,NA,CNY
3987.0189,4007.1314,3970.9365,3981.0307,169268666,000300.SH,2024-12-27,NA,NA,CNY
3976.7004,4005.778,3976.7004,3999.0549,164612485,000300.SH,2024-12-30,NA,NA,CNY
3995.8705,4004.3462,3934.9109,3934.9109,183928397,000300.SH,2024-12-31,NA,NA,CNY
3931.8155,3934.2034,3796.3389,3820.3952,217898724,000300.SH,2025-01-02,NA,NA,CNY
3825.2426,3835.9353,3767.6653,3775.1648,175342676,000300.SH,2025-01-03,NA,NA,CNY
3775.9902,3788.8489,3743.0727,3768.9697,150946670,000300.SH,2025-01-06,NA,NA,CNY
3760.866,3797.602,3749.0581,3796.1055,146455779,000300.SH,2025-01-07,NA,NA,CNY
3781.261,3810.7355,3731.1887,3789.2153,169166968,000300.SH,2025-01-08,NA,NA,CNY
3780.7341,3795.2608,3768.681,3779.8773,129794002,000300.SH,2025-01-09,NA,NA,CNY
3778.8928,3786.8069,3732.4806,3732.4806,137523171,000300.SH,2025-01-10,NA,NA,CNY
3704.4442,3737.8852,3704.1073,3722.513,136446199,000300.SH,2025-01-13,NA,NA,CNY
3728.5561,3826.6399,3718.8768,3820.5395,170664657,000300.SH,2025-01-14,NA,NA,CNY
3810.0353,3816.8284,3790.1655,3796.026,141475520,000300.SH,2025-01-15,NA,NA,CNY
3812.1935,3842.947,3776.2861,3800.3836,144505871,000300.SH,2025-01-16,NA,NA,CNY
3788.3729,3831.6404,3780.2133,3812.3429,126621961,000300.SH,2025-01-17,NA,NA,CNY
3835.3042,3858.6677,3821.9815,3829.6764,139581277,000300.SH,2025-01-20,NA,NA,CNY
3850.3563,3850.9106,3817.1214,3832.6145,141218406,000300.SH,2025-01-21,NA,NA,CNY
3823.9447,3823.9447,3783.1438,3797.0166,137255062,000300.SH,2025-01-22,NA,NA,CNY
3829.0462,3864.2585,3801.8531,3803.7439,180569551,000300.SH,2025-01-23,NA,NA,CNY
3793.8498,3847.6003,3793.4836,3832.8637,148971722,000300.SH,2025-01-24,NA,NA,CNY
3836.9578,3851.9969,3817.0802,3817.0802,146670772,000300.SH,2025-01-27,NA,NA,CNY
3844.6998,3844.6998,3785.162,3795.0848,157168308,000300.SH,2025-02-05,NA,NA,CNY
3789.6086,3843.4942,3788.3196,3842.8314,167288176,000300.SH,2025-02-06,NA,NA,CNY
3844.0574,3919.3499,3833.8685,3892.7028,221857707,000300.SH,2025-02-07,NA,NA,CNY
3898.1023,3906.3678,3878.8314,3901.0618,188903040,000300.SH,2025-02-10,NA,NA,CNY
3905.1594,3905.1594,3872.9087,3883.1352,166574909,000300.SH,2025-02-11,NA,NA,CNY
3875.9596,3920.7229,3867.3538,3919.8617,164228540,000300.SH,2025-02-12,NA,NA,CNY
3913.9044,3939.1978,3904.9845,3905.1398,172485874,000300.SH,2025-02-13,NA,NA,CNY
3900.8274,3942.0356,3900.8274,3939.0085,172976452,000300.SH,2025-02-14,NA,NA,CNY
3954.4147,3955.8959,3921.7017,3947.3983,213588246,000300.SH,2025-02-17,NA,NA,CNY
3942.5761,3965.4232,3901.8675,3912.7829,209425101,000300.SH,2025-02-18,NA,NA,CNY
3906.2201,3943.6742,3904.1455,3940.1602,182829517,000300.SH,2025-02-19,NA,NA,CNY
3934.6503,3940.678,3916.1772,3928.8959,163895236,000300.SH,2025-02-20,NA,NA,CNY
3938.0518,3981.048,3927.7874,3978.444,227400330,000300.SH,2025-02-21,NA,NA,CNY
3972.4831,3995.9456,3949.2309,3969.7169,220810618,000300.SH,2025-02-24,NA,NA,CNY
3933.636,3955.4336,3915.6527,3925.6505,178108580,000300.SH,2025-02-25,NA,NA,CNY
3931.842,3960.3298,3925.3664,3959.9413,191062501,000300.SH,2025-02-26,NA,NA,CNY
3961.0635,3973.9323,3933.4611,3968.1159,202887963,000300.SH,2025-02-27,NA,NA,CNY
3950.1866,3972.4813,3886.3994,3890.0487,198104147,000300.SH,2025-02-28,NA,NA,CNY
3899.6962,3930.0048,3872.5872,3888.4738,177623166,000300.SH,2025-03-03,NA,NA,CNY
3865.9939,3890.4235,3855.7254,3885.2208,149850967,000300.SH,2025-03-04,NA,NA,CNY
3887.7992,3906.4214,3877.0188,3902.5706,158652751,000300.SH,2025-03-05,NA,NA,CNY
3923.3827,3964.4942,3917.0833,3956.2369,193960915,000300.SH,2025-03-06,NA,NA,CNY
3944.9145,3967.0743,3935.0464,3944.0143,166732375,000300.SH,2025-03-07,NA,NA,CNY
3945.5795,3949.1448,3905.127,3928.8018,152765232,000300.SH,2025-03-10,NA,NA,CNY
3890.4305,3941.4157,3889.4298,3941.4157,144754402,000300.SH,2025-03-11,NA,NA,CNY
3946.8623,3953.6125,3921.4736,3927.2315,156732190,000300.SH,2025-03-12,NA,NA,CNY
3925.7439,3939.2854,3897.3758,3911.5793,156536443,000300.SH,2025-03-13,NA,NA,CNY
3919.6159,4014.1586,3919.6159,4006.5567,216139003,000300.SH,2025-03-14,NA,NA,CNY
4020.6402,4021.7278,3992.2563,3996.7876,162202911,000300.SH,2025-03-17,NA,NA,CNY
4011.7794,4016.873,3995.9602,4007.7229,140208496,000300.SH,2025-03-18,NA,NA,CNY
4004.8251,4025.299,3989.512,4010.168,144419428,000300.SH,2025-03-19,NA,NA,CNY
4011.0588,4012.0416,3969.9259,3974.9918,133754670,000300.SH,2025-03-20,NA,NA,CNY
3966.5146,3983.1476,3904.7674,3914.6956,165905294,000300.SH,2025-03-21,NA,NA,CNY
3916.1136,3938.1826,3907.1999,3934.8486,152234674,000300.SH,2025-03-24,NA,NA,CNY
3937.8975,3946.3574,3921.5287,3932.2951,140475399,000300.SH,2025-03-25,NA,NA,CNY
3930.2073,3942.026,3916.8607,3919.3566,131164187,000300.SH,2025-03-26,NA,NA,CNY
3911.3841,3952.9852,3903.652,3932.4117,126793738,000300.SH,2025-03-27,NA,NA,CNY
3930.7763,3934.2336,3907.384,3915.1662,126356214,000300.SH,2025-03-28,NA,NA,CNY
3905.9815,3928.4482,3872.403,3887.3056,166798523,000300.SH,2025-03-31,NA,NA,CNY
3892.7794,3905.2622,3882.4045,3887.6841,140380274,000300.SH,2025-04-01,NA,NA,CNY
3884.4181,3900.4949,3877.1599,3884.3858,113043175,000300.SH,2025-04-02,NA,NA,CNY
3843.4177,3883.7025,3843.4177,3861.5034,142599789,000300.SH,2025-04-03,NA,NA,CNY
3675.2017,3707.7771,3514.1165,3589.4406,312578586,000300.SH,2025-04-07,NA,NA,CNY
3597.9859,3650.759,3583.8746,3650.759,280197312,000300.SH,2025-04-08,NA,NA,CNY
3606.1036,3686.7943,3587.3368,3686.7943,262305708,000300.SH,2025-04-09,NA,NA,CNY
3749.1262,3756.1386,3708.8194,3735.1151,227252227,000300.SH,2025-04-10,NA,NA,CNY
3730.3148,3762.3653,3708.4617,3750.5167,168759691,000300.SH,2025-04-11,NA,NA,CNY
3772.0407,3776.6344,3754.033,3759.1422,164462403,000300.SH,2025-04-14,NA,NA,CNY
3756.4788,3764.486,3737.8495,3761.2348,134006040,000300.SH,2025-04-15,NA,NA,CNY
3757.8757,3775.1661,3721.6025,3772.8204,156359006,000300.SH,2025-04-16,NA,NA,CNY
3755.0862,3779.1253,3749.504,3772.2221,122371002,000300.SH,2025-04-17,NA,NA,CNY
3760.0425,3782.0443,3754.4072,3772.523,102948509,000300.SH,2025-04-18,NA,NA,CNY
3768.1421,3790.1782,3763.1383,3784.8806,121355730,000300.SH,2025-04-21,NA,NA,CNY
3780.1122,3799.2295,3778.0791,3783.9522,125688257,000300.SH,2025-04-22,NA,NA,CNY
3803.4295,3807.9536,3780.5183,3786.8824,131986870,000300.SH,2025-04-23,NA,NA,CNY
3787.459,3807.2599,3775.207,3784.3574,117164560,000300.SH,2025-04-24,NA,NA,CNY
3792.0838,3801.5765,3780.7772,3786.9937,124591133,000300.SH,2025-04-25,NA,NA,CNY
3786.3867,3792.0082,3772.8029,3781.6188,125145091,000300.SH,2025-04-28,NA,NA,CNY
3776.0025,3785.3157,3768.0311,3775.0767,111514694,000300.SH,2025-04-29,NA,NA,CNY
3775.8306,3787.5639,3768.7573,3770.5705,143681658,000300.SH,2025-04-30,NA,NA,CNY
3794.3757,3809.0939,3782.777,3808.5424,158520459,000300.SH,2025-05-06,NA,NA,CNY
3861.5767,3863.6776,3814.9868,3831.627,161172299,000300.SH,2025-05-07,NA,NA,CNY
3820.5481,3867.3313,3816.2642,3852.8963,124959833,000300.SH,2025-05-08,NA,NA,CNY
3848.6187,3853.6632,3836.5349,3846.1566,119389526,000300.SH,2025-05-09,NA,NA,CNY
3866.5305,3890.7342,3859.0346,3890.6096,153332460,000300.SH,2025-05-12,NA,NA,CNY
3915.5924,3915.5924,3890.6855,3896.2583,147320299,000300.SH,2025-05-13,NA,NA,CNY
3894.8386,3960.5228,3890.6504,3943.2108,172033779,000300.SH,2025-05-14,NA,NA,CNY
3934.0273,3936.4653,3904.9068,3907.1992,138081749,000300.SH,2025-05-15,NA,NA,CNY
3898.6662,3903.8528,3874.8619,3889.0854,118405345,000300.SH,2025-05-16,NA,NA,CNY
3882.5677,3885.5889,3866.5695,3877.1453,98643414,000300.SH,2025-05-19,NA,NA,CNY
3883.1024,3911.4737,3881.7436,3898.1705,104885234,000300.SH,2025-05-20,NA,NA,CNY
3899.4365,3928.6339,3899.4365,3916.3807,109791343,000300.SH,2025-05-21,NA,NA,CNY
3912.6007,3923.0195,3903.0898,3913.8651,107597052,000300.SH,2025-05-22,NA,NA,CNY
3910.3739,3931.5514,3882.2741,3882.2741,120277419,000300.SH,2025-05-23,NA,NA,CNY
3875.7891,3884.537,3849.0384,3860.1067,109601207,000300.SH,2025-05-26,NA,NA,CNY
3857.6271,3865.4291,3834.8455,3839.3969,98572425,000300.SH,2025-05-27,NA,NA,CNY
3843.0747,3849.736,3833.9582,3836.2366,89031026,000300.SH,2025-05-28,NA,NA,CNY
3838.0092,3869.7909,3831.4577,3858.6998,108471886,000300.SH,2025-05-29,NA,NA,CNY
3850.493,3858.6128,3829.2542,3840.2323,111672228,000300.SH,2025-05-30,NA,NA,CNY
3833.4584,3863.2952,3832.7202,3852.0127,131403090,000300.SH,2025-06-03,NA,NA,CNY
3855.4878,3875.8569,3855.4878,3868.7429,116803873,000300.SH,2025-06-04,NA,NA,CNY
3872.6373,3883.1345,3861.272,3877.5557,122878184,000300.SH,2025-06-05,NA,NA,CNY
3878.1027,3889.4557,3869.3871,3873.9841,110987971,000300.SH,2025-06-06,NA,NA,CNY
3877.7977,3894.6517,3871.9917,3885.2459,136306293,000300.SH,2025-06-09,NA,NA,CNY
3887.5512,3897.4573,3850.4663,3865.4652,145563859,000300.SH,2025-06-10,NA,NA,CNY
3870.6719,3911.6107,3870.6719,3894.6252,142414772,000300.SH,2025-06-11,NA,NA,CNY
3885.5196,3900.0408,3870.3838,3892.1992,133998697,000300.SH,2025-06-12,NA,NA,CNY
3881.4923,3889.1602,3853.8186,3864.1822,172539536,000300.SH,2025-06-13,NA,NA,CNY
3853.6193,3876.1704,3853.6193,3873.7951,137341835,000300.SH,2025-06-16,NA,NA,CNY
3875.1768,3880.4156,3860.409,3870.3786,122342526,000300.SH,2025-06-17,NA,NA,CNY
3871.6502,3881.346,3854.6575,3874.9708,127528621,000300.SH,2025-06-18,NA,NA,CNY
3870.049,3872.9425,3834.9512,3843.0912,130280658,000300.SH,2025-06-19,NA,NA,CNY
3839.7833,3856.4799,3839.7833,3846.6443,118151020,000300.SH,2025-06-20,NA,NA,CNY
3831.1703,3867.5896,3827.0829,3857.9016,133800892,000300.SH,2025-06-23,NA,NA,CNY
3862.3876,3914.1579,3862.3876,3904.0342,163656188,000300.SH,2025-06-24,NA,NA,CNY
3907.0682,3963.0371,3902.1771,3960.0662,187213671,000300.SH,2025-06-25,NA,NA,CNY
3953.1603,3964.482,3945.2589,3946.0195,165316263,000300.SH,2025-06-26,NA,NA,CNY
3949.7879,3969.2626,3918.2041,3921.7578,194557913,000300.SH,2025-06-27,NA,NA,CNY
3920.3149,3940.3611,3911.6044,3936.0791,145170236,000300.SH,2025-06-30,NA,NA,CNY
3935.9078,3946.2451,3924.7219,3942.762,128959362,000300.SH,2025-07-01,NA,NA,CNY
3943.3232,3952.1378,3929.6956,3943.6849,147063062,000300.SH,2025-07-02,NA,NA,CNY
3949.3998,3971.616,3945.138,3968.0676,141004006,000300.SH,2025-07-03,NA,NA,CNY
3967.4637,4013.8478,3958.3762,3982.2034,157197133,000300.SH,2025-07-04,NA,NA,CNY
3977.2881,3979.7481,3956.5663,3965.1746,131135273,000300.SH,2025-07-07,NA,NA,CNY
3965.426,4002.269,3965.426,3998.4527,156402895,000300.SH,2025-07-08,NA,NA,CNY
3997.5044,4016.7434,3987.4267,3991.4006,173293796,000300.SH,2025-07-09,NA,NA,CNY
3993.4196,4032.9829,3992.5242,4010.0243,209778904,000300.SH,2025-07-10,NA,NA,CNY
4011.4652,4065.9419,4010.1052,4014.807,262052773,000300.SH,2025-07-11,NA,NA,CNY
4021.2135,4034.9198,4017.6678,4017.6678,207917175,000300.SH,2025-07-14,NA,NA,CNY
4023.9896,4042.6574,3994.2628,4019.0644,191042931,000300.SH,2025-07-15,NA,NA,CNY
4019.3925,4027.8567,3993.9209,4007.2019,151027308,000300.SH,2025-07-16,NA,NA,CNY
4005.067,4034.5935,4005.067,4034.491,161249041,000300.SH,2025-07-17,NA,NA,CNY
4039.8712,4064.6378,4039.3181,4058.5486,186211063,000300.SH,2025-07-18,NA,NA,CNY
4069.7685,4086.1171,4063.4427,4085.6072,223268476,000300.SH,2025-07-21,NA,NA,CNY
4087.3354,4119.2021,4068.3383,4118.9582,257596985,000300.SH,2025-07-22,NA,NA,CNY
4129.1476,4155.6783,4113.9085,4119.7685,300506154,000300.SH,2025-07-23,NA,NA,CNY
4116.8312,4152.4265,4111.8849,4149.0368,319632392,000300.SH,2025-07-24,NA,NA,CNY
4145.3195,4150.4994,4117.8005,4127.1634,273594963,000300.SH,2025-07-25,NA,NA,CNY
4128.1993,4146.12,4112.9677,4135.8242,222759815,000300.SH,2025-07-28,NA,NA,CNY
4132.6833,4153.3307,4117.5772,4152.0247,230807880,000300.SH,2025-07-29,NA,NA,CNY
4148.9405,4185.2064,4127.4301,4151.2379,249853048,000300.SH,2025-07-30,NA,NA,CNY
4141.5612,4141.8243,4063.6662,4075.5912,267087406,000300.SH,2025-07-31,NA,NA,CNY
4069.9254,4085.3543,4040.462,4054.9286,196221826,000300.SH,2025-08-01,NA,NA,CNY
4037.9378,4070.7023,4037.9378,4070.7023,162275902,000300.SH,2025-08-04,NA,NA,CNY
4080.3877,4106.2969,4075.5836,4103.45,178851999,000300.SH,2025-08-05,NA,NA,CNY
4100.4283,4116.7085,4098.3544,4113.4852,176676155,000300.SH,2025-08-06,NA,NA,CNY
4120.2822,4129.7382,4094.8214,4114.666,198641902,000300.SH,2025-08-07,NA,NA,CNY
4109.2734,4122.2104,4097.4157,4104.9669,173171201,000300.SH,2025-08-08,NA,NA,CNY
4110.2939,4134.2462,4103.605,4122.5106,190443716,000300.SH,2025-08-11,NA,NA,CNY
4123.5762,4153.2948,4121.2243,4143.8252,177287823,000300.SH,2025-08-12,NA,NA,CNY
4150.5037,4186.748,4147.1991,4176.5776,213934999,000300.SH,2025-08-13,NA,NA,CNY
4179.965,4220.3109,4165.9376,4173.3131,221103595,000300.SH,2025-08-14,NA,NA,CNY
4162.4205,4214.7291,4157.495,4202.3533,261327566,000300.SH,2025-08-15,NA,NA,CNY
4218.2471,4272.9602,4203.4191,4239.4125,301479102,000300.SH,2025-08-18,NA,NA,CNY
4241.7651,4264.2303,4215.2075,4223.3741,250818771,000300.SH,2025-08-19,NA,NA,CNY
4208.4005,4272.1463,4190.5559,4271.3958,246481773,000300.SH,2025-08-20,NA,NA,CNY
4284.3712,4308.4472,4273.6523,4288.0707,259030014,000300.SH,2025-08-21,NA,NA,CNY
4287.3633,4378.3881,4287.3633,4377.9977,290434897,000300.SH,2025-08-22,NA,NA,CNY
4416.2924,4472.6525,4404.7761,4469.2217,358090006,000300.SH,2025-08-25,NA,NA,CNY
4453.3526,4476.803,4435.5275,4452.5905,270621395,000300.SH,2025-08-26,NA,NA,CNY
4458.8399,4494.9126,4386.1266,4386.1266,333133898,000300.SH,2025-08-27,NA,NA,CNY
4378.0351,4464.8028,4364.171,4463.782,296834536,000300.SH,2025-08-28,NA,NA,CNY
4455.8034,4516.8395,4452.3632,4496.7591,351938947,000300.SH,2025-08-29,NA,NA,CNY
4516.8787,4528.1342,4487.5304,4523.7111,320366708,000300.SH,2025-09-01,NA,NA,CNY
4521.9828,4548.8937,4454.4169,4490.4528,303932566,000300.SH,2025-09-02,NA,NA,CNY
4501.3388,4510.7303,4427.5176,4459.8296,254320217,000300.SH,2025-09-03,NA,NA,CNY
4461.2503,4465.4967,4327.5068,4365.2085,307934609,000300.SH,2025-09-04,NA,NA,CNY
4365.6083,4466.5603,4350.2974,4460.3249,249625657,000300.SH,2025-09-05,NA,NA,CNY
4467.1693,4482.763,4438.0698,4467.5733,267638382,000300.SH,2025-09-08,NA,NA,CNY
4448.739,4472.093,4412.6914,4436.2584,221375460,000300.SH,2025-09-09,NA,NA,CNY
4438.2998,4466.6325,4414.5937,4445.3649,203597646,000300.SH,2025-09-10,NA,NA,CNY
4438.839,4548.0345,4427.9242,4548.0345,253264051,000300.SH,2025-09-11,NA,NA,CNY
4544.5905,4564.6665,4517.7897,4521.998,266442003,000300.SH,2025-09-12,NA,NA,CNY
4534.8866,4566.9053,4522.4958,4533.0557,231885678,000300.SH,2025-09-15,NA,NA,CNY
4539.9217,4552.419,4494.7875,4523.3367,249269206,000300.SH,2025-09-16,NA,NA,CNY
4517.2855,4556.0296,4503.7959,4551.023,235716472,000300.SH,2025-09-17,NA,NA,CNY
4546.0319,4573.8331,4454.9886,4498.109,309859826,000300.SH,2025-09-18,NA,NA,CNY
4499.0906,4533.0919,4491.8437,4501.9195,225044000,000300.SH,2025-09-19,NA,NA,CNY
4512.0251,4523.8695,4487.1299,4522.608,196459956,000300.SH,2025-09-22,NA,NA,CNY
4536.7569,4560.7319,4459.7281,4519.7781,252827062,000300.SH,2025-09-23,NA,NA,CNY
4495.2659,4567.4948,4494.1133,4566.0708,220482608,000300.SH,2025-09-24,NA,NA,CNY
4563.9827,4613.9486,4558.8424,4593.4875,229823333,000300.SH,2025-09-25,NA,NA,CNY
4576.9142,4597.8472,4550.0487,4550.0487,208482114,000300.SH,2025-09-26,NA,NA,CNY
4555.0342,4647.5691,4541.4252,4620.0528,274358877,000300.SH,2025-09-29,NA,NA,CNY
4629.8987,4647.5031,4616.2243,4640.6935,247980359,000300.SH,2025-09-30,NA,NA,CNY
4662.1133,4726.3449,4651.9895,4709.482,347678696,000300.SH,2025-10-09,NA,NA,CNY
4679.4983,4692.5858,4600.9646,4616.8341,319020899,000300.SH,2025-10-10,NA,NA,CNY
4490.8661,4601.8072,4490.8661,4593.9785,315010354,000300.SH,2025-10-13,NA,NA,CNY
4634.0543,4641.4492,4520.9258,4539.0644,372954030,000300.SH,2025-10-14,NA,NA,CNY
4544.2431,4608.8239,4526.834,4606.2879,284771855,000300.SH,2025-10-15,NA,NA,CNY
4588.9206,4645.0959,4586.2801,4618.4218,248235518,000300.SH,2025-10-16,NA,NA,CNY
4610.6967,4618.5621,4509.3289,4514.2345,256905617,000300.SH,2025-10-17,NA,NA,CNY
4558.2421,4570.4376,4520.5024,4538.2201,218420405,000300.SH,2025-10-20,NA,NA,CNY
4556.1224,4615.463,4547.9283,4607.8715,215711175,000300.SH,2025-10-21,NA,NA,CNY
4576.0277,4603.4884,4567.2361,4592.57,185333960,000300.SH,2025-10-22,NA,NA,CNY
4578.7018,4611.3409,4541.6944,4606.3447,200463917,000300.SH,2025-10-23,NA,NA,CNY
4622.7873,4660.6835,4622.7873,4660.6835,208814483,000300.SH,2025-10-24,NA,NA,CNY
4699.3819,4720.4288,4687.6876,4716.0186,262200674,000300.SH,2025-10-27,NA,NA,CNY
4697.7277,4734.3218,4679.2288,4691.973,220906645,000300.SH,2025-10-28,NA,NA,CNY
4701.0362,4747.8378,4697.268,4747.8378,246211324,000300.SH,2025-10-29,NA,NA,CNY
4735.9807,4761.8339,4706.452,4709.911,273289118,000300.SH,2025-10-30,NA,NA,CNY
4702.4946,4706.1395,4640.6676,4640.6676,281464740,000300.SH,2025-10-31,NA,NA,CNY
4636.7323,4653.4028,4595.7339,4653.4028,239869809,000300.SH,2025-11-03,NA,NA,CNY
4649.3481,4665.323,4595.066,4618.699,233224032,000300.SH,2025-11-04,NA,NA,CNY
4562.1117,4642.6101,4558.7647,4627.257,203045871,000300.SH,2025-11-05,NA,NA,CNY
4642.0112,4698.0935,4642.0112,4693.4032,224241008,000300.SH,2025-11-06,NA,NA,CNY
4673.7616,4701.3743,4666.0405,4678.7944,212497377,000300.SH,2025-11-07,NA,NA,CNY
4688.124,4695.1794,4654.2103,4695.0507,236026764,000300.SH,2025-11-10,NA,NA,CNY
4706.3374,4707.1275,4648.4896,4652.1655,186638858,000300.SH,2025-11-11,NA,NA,CNY
4643.5592,4669.6073,4620.9897,4645.9079,209460592,000300.SH,2025-11-12,NA,NA,CNY
4643.7862,4703.4897,4643.7862,4702.0738,207367474,000300.SH,2025-11-13,NA,NA,CNY
4663.3175,4684.2578,4628.0242,4628.1398,192092676,000300.SH,2025-11-14,NA,NA,CNY
4616.8058,4624.8976,4580.2613,4598.0525,188955466,000300.SH,2025-11-17,NA,NA,CNY
4584.7896,4606.6167,4552.8038,4568.1928,177713185,000300.SH,2025-11-18,NA,NA,CNY
4568.0365,4607.8627,4568.0365,4588.2922,172924974,000300.SH,2025-11-19,NA,NA,CNY
4619.5401,4620.6529,4560.1814,4564.9483,194562593,000300.SH,2025-11-20,NA,NA,CNY
4513.3858,4527.0436,4453.1819,4453.6076,222851013,000300.SH,2025-11-21,NA,NA,CNY
4473.1563,4478.8081,4421.8123,4448.0478,185833729,000300.SH,2025-11-24,NA,NA,CNY
4475.8359,4510.7729,4467.3529,4490.4047,169571929,000300.SH,2025-11-25,NA,NA,CNY
4490.2021,4538.1361,4485.6984,4517.6255,156200368,000300.SH,2025-11-26,NA,NA,CNY
4520.014,4559.2183,4509.8635,4515.4027,150311772,000300.SH,2025-11-27,NA,NA,CNY
4511.4972,4531.7219,4492.4256,4526.6616,142902096,000300.SH,2025-11-28,NA,NA,CNY
4539.1877,4576.9654,4531.2917,4576.4856,200382317,000300.SH,2025-12-01,NA,NA,CNY
4571.9098,4575.4945,4539.4312,4554.3347,148493132,000300.SH,2025-12-02,NA,NA,CNY
4554.5894,4569.821,4523.5017,4531.0486,169762790,000300.SH,2025-12-03,NA,NA,CNY
4533.6004,4557.4228,4514.1878,4546.5664,147198110,000300.SH,2025-12-04,NA,NA,CNY
4547.9056,4593.8279,4535.0195,4584.5368,196799968,000300.SH,2025-12-05,NA,NA,CNY
4593.1399,4640.6256,4592.7414,4621.7545,199620990,000300.SH,2025-12-08,NA,NA,CNY
4611.379,4628.7049,4584.254,4598.2232,184160344,000300.SH,2025-12-09,NA,NA,CNY
4586.254,4598.5366,4549.0798,4591.8273,169111106,000300.SH,2025-12-10,NA,NA,CNY
4597.1901,4610.2787,4547.1372,4552.1848,168419405,000300.SH,2025-12-11,NA,NA,CNY
4558.7375,4583.6753,4530.7841,4580.95,212826520,000300.SH,2025-12-12,NA,NA,CNY
4550.0028,4595.0463,4548.4382,4552.0596,167589967,000300.SH,2025-12-15,NA,NA,CNY
4542.4226,4553.0806,4484.27,4497.5545,165165201,000300.SH,2025-12-16,NA,NA,CNY
4499.7729,4594.6556,4498.9304,4579.875,178424830,000300.SH,2025-12-17,NA,NA,CNY
4553.9788,4571.9683,4544.1416,4552.7926,151681328,000300.SH,2025-12-18,NA,NA,CNY
4561.3729,4591.0931,4546.8465,4568.1781,154876220,000300.SH,2025-12-19,NA,NA,CNY
4587.6683,4615.8721,4587.6683,4611.6235,165252856,000300.SH,2025-12-22,NA,NA,CNY
4616.026,4644.5347,4607.7992,4620.7341,169256412,000300.SH,2025-12-23,NA,NA,CNY
4623.6831,4639.4278,4602.1444,4634.0586,153711241,000300.SH,2025-12-24,NA,NA,CNY
4629.3195,4651.1535,4621.9208,4642.5357,139434186,000300.SH,2025-12-25,NA,NA,CNY
4639.7895,4676.131,4635.1052,4657.24,175396565,000300.SH,2025-12-26,NA,NA,CNY
4658.2654,4672.0352,4629.0567,4639.3721,200397133,000300.SH,2025-12-29,NA,NA,CNY
4617.3163,4664.3305,4616.6323,4651.2818,180374974,000300.SH,2025-12-30,NA,NA,CNY
4656.48,4667.0467,4622.0988,4629.9395,170760224,000300.SH,2025-12-31,NA,NA,CNY
4661.616,4721.6378,4661.616,4717.7457,234144839,000300.SH,2026-01-05,NA,NA,CNY
4719.2088,4790.6938,4718.0099,4790.6938,296970686,000300.SH,2026-01-06,NA,NA,CNY
4796.9335,4802.6028,4751.0713,4776.6658,259095564,000300.SH,2026-01-07,NA,NA,CNY
4761.0105,4765.4863,4717.0091,4737.6536,238804957,000300.SH,2026-01-08,NA,NA,CNY
4725.9571,4771.4276,4719.134,4758.9221,254688038,000300.SH,2026-01-09,NA,NA,CNY
4769.6501,4795.9327,4737.5702,4789.9155,294833165,000300.SH,2026-01-12,NA,NA,CNY
4798.0488,4836.9549,4745.5154,4761.0324,301449497,000300.SH,2026-01-13,NA,NA,CNY
4767.6956,4818.1008,4720.246,4741.9306,364951023,000300.SH,2026-01-14,NA,NA,CNY
4721.7966,4769.5478,4720.9368,4751.4293,254003636,000300.SH,2026-01-15,NA,NA,CNY
4778.4302,4792.5514,4715.3646,4731.8728,325278929,000300.SH,2026-01-16,NA,NA,CNY
4720.1945,4761.6317,4715.0867,4734.4556,267612492,000300.SH,2026-01-19,NA,NA,CNY
4736.9096,4748.2297,4684.9684,4718.8782,282719579,000300.SH,2026-01-20,NA,NA,CNY
4714.5541,4758.2793,4714.2366,4723.0692,266353332,000300.SH,2026-01-21,NA,NA,CNY
4741.7548,4757.7637,4700.4482,4723.7091,274199932,000300.SH,2026-01-22,NA,NA,CNY
4729.585,4734.7942,4684.6172,4702.4966,314635445,000300.SH,2026-01-23,NA,NA,CNY
4715.3753,4754.1777,4693.1577,4706.964,363004481,000300.SH,2026-01-26,NA,NA,CNY
4705.1744,4736.9857,4675.6409,4705.6918,301475697,000300.SH,2026-01-27,NA,NA,CNY
4725.6014,4739.6257,4697.9063,4717.9914,382255602,000300.SH,2026-01-28,NA,NA,CNY
4733.0879,4770.9599,4696.0536,4753.8697,415513055,000300.SH,2026-01-29,NA,NA,CNY
4723.081,4738.8711,4645.4706,4706.3401,319786531,000300.SH,2026-01-30,NA,NA,CNY
4674.2759,4716.6069,4601.7603,4605.9799,304773500,000300.SH,2026-02-02,NA,NA,CNY
4648.3574,4662.1264,4578.2087,4660.1074,265549405,000300.SH,2026-02-03,NA,NA,CNY
4647.9671,4701.4768,4641.8424,4698.6832,264881032,000300.SH,2026-02-04,NA,NA,CNY
4664.7478,4687.0213,4639.43,4670.4188,237856351,000300.SH,2026-02-05,NA,NA,CNY
4622.9747,4678.2618,4606.6379,4643.5959,202716477,000300.SH,2026-02-06,NA,NA,CNY
4693.6715,4719.9642,4679.9037,4719.0559,207251938,000300.SH,2026-02-09,NA,NA,CNY
4718.2552,4732.0871,4713.8684,4724.2956,187000958,000300.SH,2026-02-10,NA,NA,CNY
4715.6697,4723.7043,4703.6873,4713.8185,173391681,000300.SH,2026-02-11,NA,NA,CNY
4720.0085,4726.0426,4707.7359,4719.578,197841439,000300.SH,2026-02-12,NA,NA,CNY
4693.4106,4703.6332,4658.4038,4660.4056,189167756,000300.SH,2026-02-13,NA,NA,CNY
4727.2961,4727.373,4698.3488,4707.544,218488890,000300.SH,2026-02-24,NA,NA,CNY
4713.5754,4766.5587,4713.3438,4735.8858,284268354,000300.SH,2026-02-25,NA,NA,CNY
4741.3896,4742.1476,4706.6943,4726.8739,234847644,000300.SH,2026-02-26,NA,NA,CNY
4698.3,4721.0141,4692.891,4710.6469,261420865,000300.SH,2026-02-27,NA,NA,CNY
4681.0141,4735.4055,4667.2752,4728.6688,349260752,000300.SH,2026-03-02,NA,NA,CNY
4737.3164,4744.5987,4651.4047,4655.8962,370624272,000300.SH,2026-03-03,NA,NA,CNY
4609.1918,4639.4204,4575.8249,4602.6247,303035666,000300.SH,2026-03-04,NA,NA,CNY
4651.9415,4671.5268,4630.3024,4647.6921,259317825,000300.SH,2026-03-05,NA,NA,CNY
4621.4939,4671.7126,4612.7943,4660.439,238527926,000300.SH,2026-03-06,NA,NA,CNY
4600.2535,4625.9814,4548.969,4615.4551,322787617,000300.SH,2026-03-09,NA,NA,CNY
4648.7851,4677.5958,4648.7851,4674.7562,263903748,000300.SH,2026-03-10,NA,NA,CNY
4681.0316,4711.8671,4674.7088,4704.4959,270175443,000300.SH,2026-03-11,NA,NA,CNY
4700.7205,4704.3791,4654.3147,4687.5601,302986816,000300.SH,2026-03-12,NA,NA,CNY
4669.0619,4707.4194,4659.4979,4669.14,310772009,000300.SH,2026-03-13,NA,NA,CNY
4669.2241,4673.6929,4621.8118,4671.5591,296215070,000300.SH,2026-03-16,NA,NA,CNY
4685.5697,4720.8608,4637.368,4637.4392,263021913,000300.SH,2026-03-17,NA,NA,CNY
4648.7517,4662.2936,4604.5163,4658.3324,234690705,000300.SH,2026-03-18,NA,NA,CNY
4611.4399,4634.5468,4570.392,4583.2511,254130449,000300.SH,2026-03-19,NA,NA,CNY
4602.8205,4628.7118,4563.0687,4567.0179,257873703,000300.SH,2026-03-20,NA,NA,CNY
4499.1004,4514.7182,4397.5661,4417.9971,328081945,000300.SH,2026-03-23,NA,NA,CNY
4458.9074,4474.825,4394.2943,4474.7224,255532517,000300.SH,2026-03-24,NA,NA,CNY
4506.6247,4542.1806,4502.0265,4537.4656,262639279,000300.SH,2026-03-25,NA,NA,CNY
4525.3291,4541.0502,4468.9571,4477.5343,213736788,000300.SH,2026-03-26,NA,NA,CNY
4431.5034,4519.8903,4431.4205,4502.5698,192400388,000300.SH,2026-03-27,NA,NA,CNY
4461.7367,4496.4109,4447.1373,4491.95,209293092,000300.SH,2026-03-30,NA,NA,CNY
4491.9209,4523.1745,4450.0493,4450.0493,224541585,000300.SH,2026-03-31,NA,NA,CNY
4517.2717,4532.1093,4492.0544,4526.0668,216483196,000300.SH,2026-04-01,NA,NA,CNY
4514.4416,4519.6931,4459.6095,4478.9141,190992161,000300.SH,2026-04-02,NA,NA,CNY
4492.8461,4494.4571,4437.5952,4440.7889,168321705,000300.SH,2026-04-03,NA,NA,CNY
4445.8613,4458.9264,4420.6939,4440.6162,162638787,000300.SH,2026-04-07,NA,NA,CNY
4517.3403,4595.556,4513.7705,4595.556,253339213,000300.SH,2026-04-08,NA,NA,CNY
4562.6696,4579.197,4552.4244,4566.2237,184939783,000300.SH,2026-04-09,NA,NA,CNY
4594.9467,4655.0988,4590.1089,4636.5655,208678605,000300.SH,2026-04-10,NA,NA,CNY
4615.133,4653.3983,4615.133,4646.1546,196712277,000300.SH,2026-04-13,NA,NA,CNY
4676.1235,4701.2837,4654.8526,4701.2837,204700332,000300.SH,2026-04-14,NA,NA,CNY
4726.6381,4731.2729,4672.556,4685.2464,201688500,000300.SH,2026-04-15,NA,NA,CNY
4694.4309,4739.2208,4689.414,4736.6077,192057600,000300.SH,2026-04-16,NA,NA,CNY
4728.9951,4738.3236,4714.4669,4728.6716,182915336,000300.SH,2026-04-17,NA,NA,CNY
4727.1661,4763.0427,4720.6853,4757.4419,221633494,000300.SH,2026-04-20,NA,NA,CNY
4750.5149,4776.8258,4722.0074,4767.997,205614058,000300.SH,2026-04-21,NA,NA,CNY
4751.2794,4801.4465,4750.3502,4799.627,204481830,000300.SH,2026-04-22,NA,NA,CNY
4816.0267,4823.4704,4759.86,4786.3273,232865736,000300.SH,2026-04-23,NA,NA,CNY
4771.7348,4786.444,4735.606,4769.3688,193798314,000300.SH,2026-04-24,NA,NA,CNY
4776.3351,4795.1682,4762.6441,4770.9469,192796550,000300.SH,2026-04-27,NA,NA,CNY
4757.0766,4778.1891,4743.4355,4758.2083,216724233,000300.SH,2026-04-28,NA,NA,CNY
4737.5755,4813.6104,4737.1139,4810.3468,233298110,000300.SH,2026-04-29,NA,NA,CNY
4820.9716,4829.2715,4797.5445,4807.3069,250633370,000300.SH,2026-04-30,NA,NA,CNY
4857.6537,4892.7957,4834.2807,4877.0932,274443880,000300.SH,2026-05-06,NA,NA,CNY
4895.8001,4901.8575,4866.8749,4900.5098,257833972,000300.SH,2026-05-07,NA,NA,CNY
4871.1185,4887.2129,4849.9871,4871.9122,251720996,000300.SH,2026-05-08,NA,NA,CNY
4902.2775,4960.3975,4889.5659,4951.8366,305734801,000300.SH,2026-05-11,NA,NA,CNY
4965.0175,4971.3026,4926.7897,4948.0465,273812001,000300.SH,2026-05-12,NA,NA,CNY
4919.4248,5001.1201,4919.4248,4998.3417,268454537,000300.SH,2026-05-13,NA,NA,CNY
5027.6405,5030.5187,4913.6037,4914.5971,280695379,000300.SH,2026-05-14,NA,NA,CNY
4911.6223,4935.6173,4832.6899,4859.5927,276967769,000300.SH,2026-05-15,NA,NA,CNY
4836.3286,4868.6008,4806.1455,4833.5237,239077587,000300.SH,2026-05-18,NA,NA,CNY
4818.7051,4854.5247,4773.534,4852.8832,232280852,000300.SH,2026-05-19,NA,NA,CNY
4829.6129,4866.2121,4825.643,4850.7,220023206,000300.SH,2026-05-20,NA,NA,CNY
4886.2389,4937.9327,4780.7107,4783.0976,287342507,000300.SH,2026-05-21,NA,NA,CNY
4818.8435,4851.3489,4785.3486,4845.0956,286940435,000300.SH,2026-05-22,NA,NA,CNY
4873.1962,4922.4375,4857.1345,4921.5974,264743236,000300.SH,2026-05-25,NA,NA,CNY
4900.1152,4952.7412,4892.683,4947.8493,302799476,000300.SH,2026-05-26,NA,NA,CNY
4940.9454,4974.2108,4891.3428,4908.1714,301709175,000300.SH,2026-05-27,NA,NA,CNY
4889.2659,4922.3297,4843.2265,4914.2133,267432731,000300.SH,2026-05-28,NA,NA,CNY
4937.5119,4954.0703,4878.7869,4892.1213,332518610,000300.SH,2026-05-29,NA,NA,CNY
4897.8968,4918.7935,4836.6851,4844.2556,296134051,000300.SH,2026-06-01,NA,NA,CNY
4860.6119,4930.2776,4831.9972,4914.5591,281731662,000300.SH,2026-06-02,NA,NA,CNY
4921.3445,4991.8525,4904.8969,4938.8091,304035947,000300.SH,2026-06-03,NA,NA,CNY
4897.3164,4938.7814,4889.7456,4904.7454,264808910,000300.SH,2026-06-04,NA,NA,CNY
4886.9645,4924.3438,4798.9103,4816.9199,301929336,000300.SH,2026-06-05,NA,NA,CNY
4703.773,4779.8623,4677.5682,4713.6358,299647565,000300.SH,2026-06-08,NA,NA,CNY
4743.4505,4802.5047,4715.3907,4801.8106,258391601,000300.SH,2026-06-09,NA,NA,CNY
4753.1154,4786.5162,4718.9946,4748.5932,259297109,000300.SH,2026-06-10,NA,NA,CNY
4730.072,4766.1728,4685.5014,4722.4122,247177059,000300.SH,2026-06-11,NA,NA,CNY
4784.6396,4809.8606,4757.5574,4777.3206,335922063,000300.SH,2026-06-12,NA,NA,CNY
4829.2886,4892.5502,4803.1836,4891.7126,331316076,000300.SH,2026-06-15,NA,NA,CNY
4894.8785,4908.2817,4866.0613,4884.2322,282584743,000300.SH,2026-06-16,NA,NA,CNY
4859.7012,4933.9288,4859.7012,4931.3861,276053950,000300.SH,2026-06-17,NA,NA,CNY
4916.0442,4976.8909,4916.0442,4941.5986,334459902,000300.SH,2026-06-18,NA,NA,CNY
4949.3457,5061.5105,4928.4582,5059.6582,375100124,000300.SH,2026-06-22,NA,NA,CNY
5048.0255,5064.2654,4892.0944,4919.386,342719336,000300.SH,2026-06-23,NA,NA,CNY
4900.3838,4953.2321,4892.2676,4943.0197,312249025,000300.SH,2026-06-24,NA,NA,CNY
4950.9753,5031.9994,4944.876,5020.1038,346664289,000300.SH,2026-06-25,NA,NA,CNY
4981.8251,4981.983,4845.1921,4868.2205,341179238,000300.SH,2026-06-26,NA,NA,CNY
4866.0432,4928.5987,4827.149,4926.921,323216134,000300.SH,2026-06-29,NA,NA,CNY
4914.4934,4987.5599,4914.4934,4979.4328,306150226,000300.SH,2026-06-30,NA,NA,CNY
4972.6923,5017.3754,4925.6309,4958.9773,342934747,000300.SH,2026-07-01,NA,NA,CNY
4865.1713,4896.9934,4800.4842,4812.2957,343243758,000300.SH,2026-07-02,NA,NA,CNY
4809.4988,4890.9652,4809.4988,4842.1737,301067568,000300.SH,2026-07-03,NA,NA,CNY
4868.5422,4878.3231,4789.7956,4841.998,294050543,000300.SH,2026-07-06,NA,NA,CNY
4813.8707,4839.5098,4756.725,4792.2624,246305999,000300.SH,2026-07-07,NA,NA,CNY
4804.4837,4830.0464,4751.4045,4755.5338,243928749,000300.SH,2026-07-08,NA,NA,CNY
4774.4021,4882.8477,4734.8666,4876.3125,281627705,000300.SH,2026-07-09,NA,NA,CNY
4887.5355,4906.4898,4780.7468,4780.7867,304130286,000300.SH,2026-07-10,NA,NA,CNY
4745.4383,4775.2355,4670.2496,4695.383,278634853,000300.SH,2026-07-13,NA,NA,CNY
4691.1224,4796.502,4649.0444,4796.502,283250986,000300.SH,2026-07-14,NA,NA,CNY
4797.943,4826.8637,4772.0415,4786.7828,278692669,000300.SH,2026-07-15,NA,NA,CNY
4711.532,4771.0573,4673.3503,4698.4344,251560977,000300.SH,2026-07-16,NA,NA,CNY
4661.6218,4663.5311,4492.085,4529.0953,302629886,000300.SH,2026-07-17,NA,NA,CNY
4575.6712,4628.7985,4521.1808,4598.3208,333116058,000300.SH,2026-07-20,NA,NA,CNY
4630.8532,4739.2326,4566.281,4739.2287,345403590,000300.SH,2026-07-21,NA,NA,CNY
4710.6602,4772.0815,4692.833,4717.2442,285556357,000300.SH,2026-07-22,NA,NA,CNY
4735.1706,4737.5092,4698.8717,4728.0018,247331675,000300.SH,2026-07-23,NA,NA,CNY
4685.4082,4704.0843,4642.9387,4649.1917,221261212,000300.SH,2026-07-24,NA,NA,CNY
4656.0272,4702.5249,4615.531,4702.4272,204786941,000300.SH,2026-07-27,NA,NA,CNY
4623.7986,4646.487,4552.2287,4569.5235,215705045,000300.SH,2026-07-28,NA,NA,CNY
4582.0949,4626.7058,4516.3162,4600.2624,248082357,000300.SH,2026-07-29,NA,NA,CNY
4566.0467,4596.2056,4478.2093,4549.7201,274651130,000300.SH,2026-07-30,NA,NA,CNY
4623.8536,4635.5888,4588.1968,4588.1968,279243698,000300.SH,2026-07-31,NA,NA,CNY
4561.817,4572.588,4529.1862,4543.1781,232042584,000300.SH,2026-08-03,NA,NA,CNY
4566.9425,4613.6937,4555.2465,4600.9304,242073611,000300.SH,2026-08-04,NA,NA,CNY
4550.1888,4679.8585,4550.1888,4658.1549,276921919,000300.SH,2026-08-05,NA,NA,CNY
4621.803,4675.6455,4611.0655,4651.3098,247510730,000300.SH,2026-08-06,NA,NA,CNY
4656.0976,4706.7288,4649.5763,4694.4365,239072020,000300.SH,2026-08-07,NA,NA,CNY
4698.8162,4714.4648,4659.47,4702.0247,213075996,000300.SH,2026-08-10,NA,NA,CNY
4689.4493,4715.8812,4660.4742,4663.7887,209699098,000300.SH,2026-08-11,NA,NA,CNY
4660.4658,4700.4347,4657.6933,4690.9165,184939148,000300.SH,2026-08-12,NA,NA,CNY
4716.9748,4727.2344,4661.8816,4663.9513,215499615,000300.SH,2026-08-13,NA,NA,CNY
4672.9752,4676.7124,4637.1282,4665.8812,178430696,000300.SH,2026-08-14,NA,NA,CNY
4672.2756,4742.4043,4662.715,4741.0981,190569286,000300.SH,2026-08-17,NA,NA,CNY
4734.0733,4744.0054,4687.5259,4725.8134,204245514,000300.SH,2026-08-18,NA,NA,CNY
4660.055,4674.3751,4568.0659,4588.6955,244070090,000300.SH,2026-08-19,NA,NA,CNY
4613.2975,4631.126,4569.2282,4592.7504,200874189,000300.SH,2026-08-20,NA,NA,CNY
4585.4354,4628.9996,4579.2608,4618.8952,171075891,000300.SH,2026-08-21,NA,NA,CNY
4620.9489,4621.3893,4527.4871,4563.1266,206616872,000300.SH,2026-08-24,NA,NA,CNY
4542.2438,4573.3777,4523.0229,4552.0326,171510168,000300.SH,2026-08-25,NA,NA,CNY
4549.4321,4612.0375,4542.8425,4590.7935,184578169,000300.SH,2026-08-26,NA,NA,CNY
4594.4794,4631.3486,4584.9931,4630.277,202017250,000300.SH,2026-08-27,NA,NA,CNY
4615.8393,4643.3351,4608.4617,4609.1764,180989495,000300.SH,2026-08-28,NA,NA,CNY
4561.9861,4625.0862,4557.3457,4625.0862,237447640,000300.SH,2026-08-31,NA,NA,CNY
4618.7337,4640.081,4604.7695,4611.4394,214869581,000300.SH,2026-09-01,NA,NA,CNY
4581.514,4583.2709,4534.3894,4547.9559,186991888,000300.SH,2026-09-02,NA,NA,CNY
4570.9115,4585.9873,4536.9247,4552.5784,182244060,000300.SH,2026-09-03,NA,NA,CNY
4575.3163,4602.1963,4530.7624,4548.0499,196997428,000300.SH,2026-09-04,NA,NA,CNY
4567.8945,4580.7022,4545.4107,4575.0245,183218470,000300.SH,2026-09-07,NA,NA,CNY
4575.9905,4587.7257,4546.3055,4558.7371,173566694,000300.SH,2026-09-08,NA,NA,CNY
4578.5125,4581.9039,4548.363,4572.5995,158004433,000300.SH,2026-09-09,NA,NA,CNY
4550.1865,4569.8328,4533.6586,4548.3898,146922552,000300.SH,2026-09-10,NA,NA,CNY
4514.2954,4520.1695,4461.5695,4510.1554,204230027,000300.SH,2026-09-11,NA,NA,CNY
4474.9474,4504.4894,4473.2745,4480.0821,149488418,000300.SH,2026-09-14,NA,NA,CNY
4473.805,4496.9558,4444.6281,4450.0402,142718095,000300.SH,2026-09-15,NA,NA,CNY
4449.8833,4483.3564,4417.5974,4480.2683,163494523,000300.SH,2026-09-16,NA,NA,CNY
4463.6206,4495.8348,4453.9186,4460.1557,170025642,000300.SH,2026-09-17,NA,NA,CNY
4492.3233,4523.0915,4480.5856,4507.3926,189924166,000300.SH,2026-09-18,NA,NA,CNY
4524.343,4540.5541,4512.1503,4539.5654,186361542,000300.SH,2026-09-21,NA,NA,CNY
